id_ag;stop_name;stop_lat;stop_lon;id_ag_num
120TOISE;LE PONT-DE-CLAIX, 120 TOISES;45.13624954223633;5.694960117340088;10001
13300;BIVIERS, LES CLAVERINS;45.233341217041016;5.808499813079834;10002
13309;SAINT-NAZAIRE-LES-EYMES, LES EYMES;45.256351470947266;5.847179889678955;10003
13600;BIVIERS, BIVIERS MAIRIE;45.23789978027344;5.803969860076904;10004
13601;BIVIERS, BIVIERS TENNIS;45.234161376953125;5.799670219421387;10005
13602;BIVIERS, CROIX SAINT-PHILIBERT;45.23225021362305;5.798709869384766;10006
13603;BIVIERS, LES ARRIOTS;45.2303581237793;5.794400215148926;10007
13604;BIVIERS, CHEMIN DES TIERES;45.235050201416016;5.805019855499268;10008
16AOUT44;SAINT-MARTIN-LE-VINOUX, RESISTANCE;45.20341110229492;5.714330196380615;10009
ABBEGREG;GRENOBLE, ABBE GREGOIRE;45.18387985229492;5.711740016937256;10010
ADELAUNE;ECHIROLLES, AUGUSTE DELAUNE;45.142921447753906;5.715270042419434;10011
AGD;MONTBONNOT-SAINT-MARTIN, AVENUE DU GENERAL DE GAULLE;45.224849700927734;5.797810077667236;10012
AIGUIHEX;MEYLAN, AIGUINARDS-HEXAGONE;45.20555877685547;5.764490127563477;10013
ALB;GRENOBLE, ALBERT 1ER DE BELGIQUE;45.18191909790039;5.73222017288208;10014
ALBERGES;VAULNAVEYS-LE-HAUT, LES ALBERGES;45.1314811706543;5.819029808044434;10015
ALEGRANG;VIF, ALLEE DES GRANGES;45.05794906616211;5.684720039367676;10016
ALEMBERT;GRENOBLE, D'ALEMBERT;45.18421936035156;5.710639953613281;10017
ALI;VIZILLE, L'ALLIANCE;45.08184051513672;5.769000053405762;10018
ALLIES;GRENOBLE, ALLIES;45.173980712890625;5.714270114898682;10019
ALLOVES;SAINT-MARTIN-D'HERES, LES ALLOVES;45.17203903198242;5.7651801109313965;10020
ALPEXPO;EYBENS, ALPEXPO;45.15449142456055;5.733789920806885;10021
ALSACELO;GRENOBLE, ALSACE-LORRAINE;45.189109802246094;5.719299793243408;10022
ANATFRAN;GRENOBLE, ANATOLE FRANCE;45.17185974121094;5.704949855804443;10023
ANCIEMAI;FONTAINE, ANCIENNE MAIRIE;45.192718505859375;5.678060054779053;10024
ANCIGARE;SEYSSINS, ANCIENNE GARE;45.1597785949707;5.681779861450195;10025
ANCMAIRI;MEYLAN, ANCIENNE MAIRIE;45.21792984008789;5.779329776763916;10026
ANGONNES;BRIE-ET-ANGONNES, LES ANGONNES;45.139930725097656;5.776169776916504;10027
ANGUISSE;SAINT-MARTIN-D'HERES, ANGUISSES;45.177818298339844;5.777860164642334;10028
ANMAL;JARRIE, ANDRE MALRAUX;45.09461975097656;5.744170188903809;10029
ARAGO;GRENOBLE, ARAGO;45.19709014892578;5.711740016937256;10030
ARBERGES;SEYSSINET-PARISET, ARISTIDE BERGES;45.185508728027344;5.694650173187256;10031
ARGOUD;SEYSSINS, L'ARGOUD;45.15433120727539;5.680290222167969;10032
ARGOUGES;GRENOBLE, ANDRE ARGOUGES;45.17536926269531;5.744470119476318;10033
ARLEQUIN;GRENOBLE, ARLEQUIN;45.16358947753906;5.730470180511475;10034
ARN;DOMENE, LES ARNAUDS;45.20671081542969;5.848030090332031;10035
ARO;SAINT-MARTIN-LE-VINOUX, ANCIENNE ROUTE;45.20975875854492;5.717360019683838;10036
ARZELIER;LE GUA, L'ARZELIER;44.99692153930664;5.6025800704956055;10037
AUGUFERR;ECHIROLLES, AUGUSTE FERRIER;45.14482879638672;5.709619998931885;10038
AUGURAVI;GRENOBLE, AUGUSTE RAVIER;45.183990478515625;5.739649772644043;10039
AVREPUB;BRESSON, AVENUE DE LA REPUBLIQUE;45.142791748046875;5.735889911651611;10040
BACHELAR;GRENOBLE, BACHELARD;45.16680908203125;5.705939769744873;10041
BAJATIER;GRENOBLE, BAJATIERE;45.178131103515625;5.73613977432251;10042
BALMETTE;CLAIX, LA BALMETTE;45.12520980834961;5.688109874725342;10043
BALZAZ;VARCES-ALLIERES-ET-RISSET, BALZAC;45.0872802734375;5.694210052490234;10044
BANCHARD;SAINT-MARTIN-LE-VINOUX, LA BANCHARDIERE;45.21725845336914;5.712790012359619;10045
BAR;SAINT-EGREVE, COLLEGE BARNAVE;45.23125076293945;5.688220024108887;10046
BARBET;QUAIX-EN-CHARTREUSE, LE BARBET;45.25801086425781;5.7081499099731445;10047
BARNA;SAINT-EGREVE, COLLEGE BARNAVE;45.2309684753418;5.6917500495910645;10048
BASCULE;SAINT-PAUL-DE-VARCES, LA BASCULE;45.07181167602539;5.6549601554870605;10049
BASMONT;QUAIX-EN-CHARTREUSE, BAS DE MONT-QUAIX;45.25288009643555;5.7417402267456055;10050
BASPET;QUAIX-EN-CHARTREUSE, BAS DE PETESSET;45.256351470947266;5.71058988571167;10051
BASQUAIX;QUAIX-EN-CHARTREUSE, LE BAS DE QUAIX;45.253990173339844;5.701419830322266;10052
BASTILLE;LA TRONCHE, BASTILLE;45.20444107055664;5.737599849700928;10053
BAUCHES;CLAIX, LES BAUCHES;45.1108283996582;5.67864990234375;10054
BAYANNE;MIRIBEL-LANCHATRE, BAYANNE;44.97996139526367;5.622350215911865;10055
BAYARD;ECHIROLLES, BAYARD;45.14590835571289;5.704780101776123;10056
BAZ;PROVEYSIEUX, LE BAZEAU;45.265899658203125;5.699850082397461;10057
BEALIERE;MEYLAN, LES BEALIERES;45.21152877807617;5.7906999588012695;10058
BEAU;CLAIX, BEAU DUNOIS;45.12535095214844;5.672339916229248;10059
BEAULIEU;BRIE-ET-ANGONNES, BEAULIEU;45.1385498046875;5.773550033569336;10060
BEAUREVO;SASSENAGE, BEAUREVOIR;45.21009063720703;5.6486101150512695;10061
BEAUSITE;SEYSSINET-PARISET, BEAU SITE;45.17591094970703;5.696959972381592;10062
BEAUVERT;GRENOBLE, BEAUVERT;45.16416931152344;5.717919826507568;10063
BEAUVOIR;SEYSSINS, BEAUVOIR;45.15898895263672;5.6832499504089355;10064
BELAIR;EYBENS, BEL AIR;45.16106033325195;5.755249977111816;10065
BELGRADE;GRENOBLE, VICTOR HUGO - BELGRADE;45.19123077392578;5.725200176239014;10066
BELLEDON;SAINT-EGREVE, BELLEDONNE;45.222679138183594;5.684000015258789;10067
BELLEVU;SAINT-EGREVE, BELLEVUE;45.24406051635742;5.692440032958984;10068
BELLEVUE;CLAIX, BELLEVUE;45.111961364746094;5.665480136871338;10069
BELVEDER;SEYSSINET-PARISET, BELVEDERE;45.17649841308594;5.6882100105285645;10070
BER;GRENOBLE, BERRIAT - LE MAGASIN;45.18849182128906;5.7058000564575195;10071
BERGVERC;SEYSSINET-PARISET, BERGES - VERCORS;45.18416976928711;5.690710067749023;10072
BERIVIER;MEYLAN, BERIVIERE;45.21881866455078;5.783120155334473;10073
BERLIOGN;VARCES-ALLIERES-ET-RISSET, BERLIOGNIERE;45.08998107910156;5.692490100860596;10074
BERV;BERNIN, BERNIN VILLAGE;45.270511627197266;5.8674798011779785;10075
BERYL;VEUREY-VOROIZE, LE BERYL;45.27479934692383;5.61283016204834;10076
BIBLIUNI;GIERES, UNIVERSITE - BIBLIOTHEQUES;45.19245910644531;5.770899772644043;10077
BIOLLE;SAINT-EGREVE, LA BIOLLE - GARE;45.23522186279297;5.669529914855957;10078
BIOLOGIE;GIERES, UNIVERSITE - BIOLOGIE;45.191951751708984;5.774740219116211;10079
BIRHAKEI;GRENOBLE, BIR HAKEIM;45.18886184692383;5.736390113830566;10080
BLANCFON;SASSENAGE, BLANC FONTAINE;45.21063995361328;5.65625;10081
BLANCHON;SAINT-MARTIN-D'HERES, PARC JO BLANCHON;45.17584991455078;5.756840229034424;10082
BLE;SAINT-MARTIN-LE-VINOUX, BAS LEVETIERE;45.2247200012207;5.724909782409668;10083
BOD;MONTBONNOT-SAINT-MARTIN, BAUDONNIERE;45.21446990966797;5.807769775390625;10084
BOISFRAN;SAINT-ISMIER, BOIS FRANCAIS;45.22481918334961;5.837679862976074;10085
BONNAIS;SAINT-EGREVE, LES BONNAIS;45.24058151245117;5.67257022857666;10086
BONPASTE;GRENOBLE, BON PASTEUR;45.178749084472656;5.750899791717529;10087
BOUCHDV;SEYSSINET-PARISET, BOUCHAYER - HOTEL DE VILLE;45.18077087402344;5.694369792938232;10088
BOULODRO;CLAIX, BOULODROME-ECOLE;45.11962127685547;5.668990135192871;10089
BOURG;MURIANETTE, LE BOURG;45.191871643066406;5.816470146179199;10090
BOURNET;SEYSSINS, LE BOURNET;45.157649993896484;5.6897501945495605;10091
BRESSON;BRESSON, BRESSON MAIRIE;45.137699127197266;5.747710227966309;10092
BRIE;BRIE-ET-ANGONNES, MONT ROLLAND;45.11528015136719;5.784049987792969;10093
BRIECOLE;BRIE-ET-ANGONNES, L'OLYMPE;45.11783981323242;5.7828497886657715;10094
BRIEGLIS;BRIE-ET-ANGONNES, BRIE-ET-ANGONNES EGLISE;45.11119079589844;5.786530017852783;10095
BRIOT;MURIANETTE, LA BRIOT;45.192989349365234;5.819479942321777;10096
BRSOU;BRIE-ET-ANGONNES, SOUVEYRON;45.13005828857422;5.777820110321045;10097
BRUYERE;GRENOBLE, LA BRUYERE-PARC JEAN VERLHAC;45.166351318359375;5.731180191040039;10098
BUC1;MEYLAN, BUCLOS;45.206180572509766;5.771880149841309;10099
BUCLOS;CORENC, CHEMIN DES BUCLOS;45.2158088684082;5.7722601890563965;10100
BUIS;SAINT-MARTIN-LE-VINOUX, LA BUISSERATIERE;45.223079681396484;5.717780113220215;10101
BUS;MEYLAN, BUSSEROLLES;45.20899963378906;5.798349857330322;10102
CAB;GRENOBLE, COLONEL DUMONT;45.18149948120117;5.721950054168701;10103
CAMPVIZ;VIZILLE, CAMPING;45.08592987060547;5.771269798278809;10104
CANAL;SAINT-GEORGES-DE-COMMIERS, LE CANAL;45.052120208740234;5.710400104522705;10105
CAP38;SAINT-EGREVE, CAP 38;45.24018096923828;5.666190147399902;10106
CAPDESH;SAINT-EGREVE, CAP DES H';45.21731948852539;5.681270122528076;10107
CAPUCHE;GRENOBLE, CAPUCHE;45.17613983154297;5.7253899574279785;10108
CARINA;SAINT-MARTIN-D'HERES, LE CARINA;45.16238021850586;5.763050079345703;10109
CARONBAS;LA TRONCHE, LA CARRONNERIE BASSE;45.201141357421875;5.75855016708374;10110
CARONRIE;LA TRONCHE, CARRONNERIE - ILE D'AMOUR;45.2011604309082;5.758800029754639;10111
CARRIERE;CLAIX, CARRIERE;45.11471939086914;5.690179824829102;10112
CASANOVA;ECHIROLLES, DANIELLE CASANOVA;45.14448165893555;5.700709819793701;10113
CASAVILL;GRENOBLE, CASAMAURES - VILLAGE;45.19902038574219;5.717470169067383;10114
CASBONNE;GRENOBLE, CASERNE DE BONNE;45.18505859375;5.725329875946045;10115
CASSOULE;MIRIBEL-LANCHATRE, CASSOULET;44.9822883605957;5.623089790344238;10116
CCL;SAINT-MARTIN-LE-VINOUX, COL DE CLEMENCIERES;45.23418045043945;5.725870132446289;10117
CEACAMB;GRENOBLE, MARIE-LOUISE PARIS - CEA;45.2021598815918;5.704309940338135;10118
CEDRE;CORENC, LE CEDRE;45.207828521728516;5.755519866943359;10119
CEMOI;GRENOBLE, CEMOI;45.18495178222656;5.705729961395264;10120
CENSOCIO;POISAT, CENTRE SOCIO-CULTUREL;45.15885925292969;5.759479999542236;10121
CENTHEOL;LA TRONCHE, CENTRE THEOLOGIQUE;45.20616912841797;5.752150058746338;10122
CENTRESU;SEYSSINS, GRAND PRE - CENTRE SUD;45.170841217041016;5.694570064544678;10123
CENTRSOC;SEYSSINET-PARISET, L'ARCHE;45.17816925048828;5.697020053863525;10124
CHABER;JARRIE, LES CHABERTS;45.10734176635742;5.749360084533691;10125
CHALET;VIF, LE CHALET;45.043331146240234;5.664400100708008;10126
CHAMBORD;VARCES-ALLIERES-ET-RISSET, CHAMBORD;45.08518981933594;5.667140007019043;10127
CHAMECHA;SASSENAGE, CHAMECHAUDE;45.205101013183594;5.6834797859191895;10128
CHAMP;MONTCHABOUD, CHAMP CLOCHER;45.092220306396484;5.770199775695801;10129
CHAMPFIL;EYBENS, CHAMP FILA;45.15626907348633;5.755050182342529;10130
CHAMPION;GRENOBLE, CHAMPIONNET;45.18553924560547;5.723179817199707;10131
CHAMPLAR;MEYLAN, CHAMPLARS;45.22023010253906;5.779819965362549;10132
CHAMPROM;SAINT-MARTIN-D'HERES, CHAMP ROMAN;45.18437957763672;5.768239974975586;10133
CHAMPRON;GIERES, CHAMPRONDET;45.1857795715332;5.802849769592285;10134
CHAMPSD;CHAMP-SUR-DRAC, ZA LA PLAINE;45.06840896606445;5.723080158233643;10135
CHAMPSEL;GRENOBLE, CHAMPS-ELYSEES;45.177940368652344;5.710249900817871;10136
CHANDON;LE PONT-DE-CLAIX, EDMEE CHANDON;45.13671112060547;5.7083001136779785;10137
CHANT;VIZILLE, CHANTEFEUILLE;45.08039855957031;5.775030136108398;10138
CHANTERA;CLAIX, LA CHANTERAIE;45.1101188659668;5.665480136871338;10139
CHARBON;JARRIE, LES CHARBONNAUX;45.10097122192383;5.742149829864502;10140
CHARLMIC;FONTAINE, CHARLES MICHELS;45.193851470947266;5.680089950561523;10141
CHARMETT;FONTAINE, CHARMETTES;45.1973991394043;5.693550109863281;10142
CHARRIER;CLAIX, CHARRIERES;45.115989685058594;5.68887996673584;10143
CHAT;VIZILLE, PLACE DU CHATEAU;45.075721740722656;5.772210121154785;10144
CHATBEAU;SASSENAGE, CHATEAU DE BEAUREVOIR;45.21234130859375;5.65201997756958;10145
CHATEAU;ECHIROLLES, LE CHATEAU;45.14731979370117;5.726709842681885;10146
CHATEAUX;VEUREY-VOROIZE, CHEMIN DU PARC;45.27449035644531;5.606130123138428;10147
CHATELAR;VEUREY-VOROIZE, CHATELARD;45.273529052734375;5.6048102378845215;10148
CHATELIE;EYBENS, LA CHATELIERE;45.16217041015625;5.749030113220215;10149
CHATSASS;SASSENAGE, CHATEAU DE SASSENAGE;45.21223831176758;5.661670207977295;10150
CHAULNES;NOYAREY, CHAULNES;45.236549377441406;5.638110160827637;10151
CHAUMES;CLAIX, LES CHAUMES;45.1265983581543;5.674109935760498;10152
CHAUMETI;MEYLAN, CHAUMETIERE;45.212440490722656;5.7706098556518555;10153
CHAUMIER;SEYSSINS, HAMEAU DES CHAUMIERES;45.154701232910156;5.689380168914795;10154
CHAVANT;GRENOBLE, CHAVANT;45.184661865234375;5.731770038604736;10155
CHEABBE;CLAIX, CHEMIN DE L'ABBE;45.13520812988281;5.66841983795166;10156
CHEMBATO;CORENC, BATONNIERE;45.22732925415039;5.75875997543335;10157
CHEMI;SAINT-MARTIN-LE-VINOUX, CANET;45.210548400878906;5.706120014190674;10158
CHENE;SAINT-MARTIN-D'URIAGE, LA CHENEVARIE;45.17333984375;5.857639789581299;10159
CHENES;SASSENAGE, LES CHENES;45.21809005737305;5.653429985046387;10160
CHENEVIE;DOMENE, CHENEVIERES;45.206729888916016;5.827340126037598;10161
CHIAISE;PROVEYSIEUX, LA CHIAISE;45.26116943359375;5.698309898376465;10162
CHIEZE;CLAIX, LA CHIEZE;45.12118148803711;5.682509899139404;10163
CHOLLET;BRIE-ET-ANGONNES, LE CHOLLET;45.14025115966797;5.783639907836914;10164
CHOPIN;SAINT-MARTIN-D'HERES, CHOPIN;45.16604995727539;5.751420021057129;10165
CHORCOND;GRENOBLE, ESTACADE;45.18592834472656;5.717440128326416;10166
CHRA;SAINT-ISMIER, CHATEAU RANDON;45.24222183227539;5.824510097503662;10167
CHRISTUR;GRENOBLE, CHRISTOPHE TURC;45.16136932373047;5.724140167236328;10168
CHS;SASSENAGE, CHATEAU DE SASSENAGE;45.212791442871094;5.659249782562256;10169
CHTE;VIZILLE, PLACE DU CHATEAU;45.07514190673828;5.769619941711426;10170
CHURU;LE SAPPEY-EN-CHARTREUSE, CHURUT;45.264739990234375;5.777430057525635;10171
CIG;SEYSSINS, GARLETTES;45.145240783691406;5.6767802238464355;10172
CIMEBOUR;VIF, LA CIME DU BOURG;45.048118591308594;5.667389869689941;10173
CIMEMONT;QUAIX-EN-CHARTREUSE, LA CIME DE MONT-QUAIX;45.25733184814453;5.746089935302734;10174
CIMENTIE;CLAIX, LES CIMENTIERS;45.130470275878906;5.68356990814209;10175
CIMESEYP;SEYSSINET-PARISET, CIMETIERE;45.16967010498047;5.683460235595703;10176
CIMETIGS;LA TRONCHE, CIMETIERE DU GRAND SABLON;45.19247055053711;5.745339870452881;10177
CITEINTE;GRENOBLE, CITE INTERNATIONALE;45.1950798034668;5.71120023727417;10178
CITELABE;SAINT-MARTIN-D'HERES, CITE LABEYE;45.18233871459961;5.759799957275391;10179
CITEMACE;GRENOBLE, CITE JEAN MACE;45.19995880126953;5.7104997634887695;10180
CITEPMIS;GRENOBLE, CITE PAUL MISTRAL;45.168548583984375;5.704790115356445;10181
CITESCOL;VARCES-ALLIERES-ET-RISSET, COLLEGE JULES VERNE;45.095458984375;5.672140121459961;10182
CLAIXMAI;CLAIX, CLAIX MAIRIE;45.1202507019043;5.6724700927734375;10183
CLEMENCE;GRENOBLE, CLEMENCEAU;45.18387985229492;5.741069793701172;10184
CLINBELD;SAINT-MARTIN-D'HERES, CLINIQUE BELLEDONNE;45.18598175048828;5.760950088500977;10185
CLINDAU;SEYSSINS, CLINIQUE - PORTAIL;45.162010192871094;5.674059867858887;10186
CLINMUT;GRENOBLE, GROUPE HOSPITALIER MUTUALISTE;45.18125915527344;5.710279941558838;10187
CLOSDOMI;LE PONT-DE-CLAIX, CLOS DOMINIQUE;45.135459899902344;5.70127010345459;10188
CLOSDOR;GRENOBLE, CLOS D'OR;45.169551849365234;5.723209857940674;10189
CLOSGRUE;SAINT-MARTIN-LE-VINOUX, CLOS GERARD GRUEL;45.209678649902344;5.710519790649414;10190
CLOSJUV;JARRIE, CLOS JOUVIN;45.09693145751953;5.745850086212158;10191
CLOSSTMA;SAINT-MARTIN-LE-VINOUX, CLOS SAINT-MARTIN;45.20502853393555;5.714019775390625;10192
CLV;BIVIERS, LES CLAVERINS;45.23305130004883;5.807079792022705;10193
CLY;BERNIN, CLOYERES;45.26449966430664;5.879280090332031;10194
COG;SAINT-ISMIER, COLLEGE GRESIVAUDAN;45.24028015136719;5.820779800415039;10195
COLARZEL;LE GUA, COL DE L'ARZELIER;44.99089050292969;5.595409870147705;10196
COLAVIER;MONT-SAINT-MARTIN, COLAVIERE;45.272369384765625;5.676060199737549;10197
COLCHART;SAINT-MARTIN-LE-VINOUX, COLLEGE CHARTREUSE;45.217838287353516;5.690959930419922;10198
COLCOMBO;CLAIX, COL DE COMBOIRE;45.14004135131836;5.6732001304626465;10199
COLFLE;SASSENAGE, COLLEGE FLEMING;45.20301818847656;5.669529914855957;10200
COLI;SAINT-MARTIN-D'HERES, COLI;45.180728912353516;5.765960216522217;10201
COLLSAUL;EYBENS, COLLEGE DES SAULES;45.16143035888672;5.743060111999512;10202
COLMANHE;ECHIROLLES, COLONEL MANHES;45.14646911621094;5.701769828796387;10203
COLMATTO;VIZILLE, COLLEGE LES MATTONS;45.08654022216797;5.774670124053955;10204
COLPORTE;SARCENAS, COL DE PORTE;45.28982162475586;5.767039775848389;10205
COLVENCE;CORENC, COL DE VENCE;45.23400115966797;5.751070022583008;10206
COM;SEYSSINS, COMBOIRE;45.14596939086914;5.690730094909668;10207
COMB;SAINT-MARTIN-D'URIAGE, COMBELOUP;45.169700622558594;5.84306001663208;10208
COMBALEY;PROVEYSIEUX, PLANFAY COMBALEYRE;45.27742004394531;5.715849876403809;10209
COMBE;ECHIROLLES, PIED DE LA COMBE;45.13446044921875;5.714710235595703;10210
COMMANAL;LA TRONCHE, COMMANDANT NAL;45.20323944091797;5.745349884033203;10211
COMMANDE;ECHIROLLES, COMMANDERIE;45.14363098144531;5.7333598136901855;10212
COMPLEXE;SASSENAGE, COMPLEXE SPORTIF;45.21141815185547;5.672719955444336;10213
CONDAM;SAINT-GEORGES-DE-COMMIERS, LES CONDAMINES;45.04471969604492;5.707320213317871;10214
CONDIUNI;SAINT-MARTIN-D'HERES, UNIVERSITE - CONDILLAC;45.189151763916016;5.774449825286865;10215
CONDORCE;GRENOBLE, CONDORCET;45.18553161621094;5.7182297706604;10216
CONRADKI;SAINT-MARTIN-LE-VINOUX, CONRAD KILIAN;45.2059211730957;5.709440231323242;10217
CORENCMA;CORENC, CORENC MAIRIE;45.209739685058594;5.752719879150391;10218
CORENCVI;CORENC, CORENC VILLAGE;45.21982955932617;5.762290000915527;10219
CORNEDOR;CORENC, LA CORNE D'OR;45.21809005737305;5.760459899902344;10220
CORNIERS;VIZILLE, LES CORNIERS;45.08176040649414;5.7875800132751465;10221
CORP;SAINT-MARTIN-D'URIAGE, CORPS D'URIAGE;45.17815017700195;5.864840030670166;10222
COSSEY;CLAIX, COSSEY;45.13895034790039;5.670060157775879;10223
COTE;SASSENAGE, LES COTES;45.210060119628906;5.647439956665039;10224
COTEAU;CLAIX, LE COTEAU;45.12668991088867;5.686699867248535;10225
COUBERTI;DOMENE, COUBERTIN;45.20003890991211;5.835279941558838;10226
CRE;SAINT-MARTIN-D'URIAGE, CARREFOUR DU REPLAT;45.16147994995117;5.851019859313965;10227
CROI;SAINT-MARTIN-D'URIAGE, LA CROIX DE PINET;45.17245101928711;5.8739800453186035;10228
CROISEM;SAINT-MARTIN-D'URIAGE, CROISEMENT 6;45.152870178222656;5.825399875640869;10229
CROIX;SAINT-PAUL-DE-VARCES, LA CROIX;45.07054901123047;5.64493989944458;10230
CROIXROU;SAINT-MARTIN-D'HERES, CROIX ROUGE;45.18558120727539;5.747900009155273;10231
CRXROLLA;CLAIX, LA CROIX ROLLAND;45.12919998168945;5.6712799072265625;10232
CULFROID;VENON, CUL FROID;45.17005920410156;5.808579921722412;10233
CURIVERC;FONTAINE, CURIE - VERCORS;45.19187927246094;5.69504976272583;10234
CUVILLEU;SAINT-EGREVE, CUVILLEUX;45.234901428222656;5.687679767608643;10235
CVAX;BERNIN, CROIX DES VARVOUX;45.266231536865234;5.8621602058410645;10236
CXCI;MEYLAN, CROIX DE CIBEINS;45.22587966918945;5.784719944000244;10237
CXMONTFL;CORENC, CROIX DE MONTFLEURY;45.20878982543945;5.749340057373047;10238
CXPATRE;SAINT-MARTIN-D'HERES, CROIX DU PATRE;45.168209075927734;5.761740207672119;10239
CXRAMEAU;MEYLAN, CROIX DES RAMEAUX;45.22373962402344;5.7817702293396;10240
DEGAULLE;EYBENS, GENERAL DE GAULLE;45.16162872314453;5.744470119476318;10241
DENPAPIN;ECHIROLLES, DENIS PAPIN;45.13832092285156;5.713069915771484;10242
DENT;SASSENAGE, LA DENT DU LOUP;45.212860107421875;5.645830154418945;10243
DEPORTES;GRENOBLE, RUE DES DEPORTES;45.17829132080078;5.727709770202637;10244
DETOURBE;MEYLAN, LA DETOURBE;45.2227783203125;5.792699813842773;10245
DOMENEMA;DOMENE, DOMENE MAIRIE;45.20151901245117;5.838210105895996;10246
DOYENGOS;LA TRONCHE, DOYEN GOSSE;45.20138168334961;5.753029823303223;10247
DRAC;CLAIX, MEMORIAL;45.122650146484375;5.6910200119018555;10248
DRAC2;ECHIROLLES, DRAC;45.148948669433594;5.693970203399658;10249
DRIANT;GRENOBLE, DRIANT;45.182281494140625;5.734099864959717;10250
DRMARTIN;GRENOBLE, DOCTEUR MARTIN;45.18730926513672;5.727280139923096;10251
DRMAZET;GRENOBLE, DOCTEUR MAZET;45.191280364990234;5.722010135650635;10252
DRSCHWEI;GRENOBLE, DOCTEUR SCHWEITZER;45.17245101928711;5.706319808959961;10253
DUBEDOUT;GRENOBLE, HUBERT DUBEDOUT - MAISON DU TOURISME;45.19020080566406;5.728219985961914;10254
EAU;MONTBONNOT-SAINT-MARTIN, PRE DE L'EAU;45.22386932373047;5.820429801940918;10255
ECHALIER;VEUREY-VOROIZE, LES ECHALIERES;45.26824188232422;5.619440078735352;10256
ECHIGARE;ECHIROLLES, ECHIROLLES GARE;45.153018951416016;5.718480110168457;10257
ECOLE;QUAIX-EN-CHARTREUSE, QUAIX-EN-CHARTREUSE VILLAGE;45.25345993041992;5.7199201583862305;10258
ECOLELP;CHAMP-SUR-DRAC, LE PAVILLON;45.07999038696289;5.734690189361572;10259
ECOLEREY;VIF, ECOLE REYMURE;45.0690803527832;5.693339824676514;10260
ECOLHOSP;ECHIROLLES, ECOLES HOSPITALIERES;45.14638137817383;5.729730129241943;10261
ECRINS;FONTAINE, LES ECRINS;45.19752883911133;5.686309814453125;10262
ECUREUIL;ECHIROLLES, ECUREUIL;45.142608642578125;5.7038397789001465;10263
EDELWEIS;GIERES, EDELWEISS;45.18149185180664;5.78754997253418;10264
EDISON;GRENOBLE, EDISON;45.18183135986328;5.740910053253174;10265
EDMOESMO;GRENOBLE, EDMOND ESMONIN;45.15937042236328;5.726620197296143;10266
EDROSTAN;SAINT-MARTIN-D'HERES, EDMOND ROSTAND;45.174461364746094;5.75432014465332;10267
EDVAILLA;SAINT-MARTIN-D'HERES, EDOUARD VAILLANT;45.179019927978516;5.755280017852783;10268
EGISE;SAINT-EGREVE, CHAMPAVIOTTE  VENCE;45.22631072998047;5.674389839172363;10269
EGLISESE;SAINT-EGREVE, EGLISE;45.239990234375;5.684070110321045;10270
EGR;SAINT-EGREVE, SAINT-EGREVE GARE;45.2357292175293;5.671629905700684;10271
EGRECOLE;PROVEYSIEUX, PROVEYSIEUX VILLAGE;45.26335144042969;5.699729919433594;10272
EGREGUA;PROVEYSIEUX, PONT DU GUA;45.27608108520508;5.70727014541626;10273
EGREMOLL;PROVEYSIEUX, LE MOLLARD;45.25822067260742;5.6959099769592285;10274
EJCURIE;VIZILLE, ECOLES JOLIOT-CURIE;45.08403015136719;5.775169849395752;10275
ELSATRIO;SAINT-MARTIN-D'HERES, ELSA TRIOLET;45.17958068847656;5.770150184631348;10276
ENGENIER;SASSENAGE, LES ENGENIERES;45.219600677490234;5.660220146179199;10277
EPICEA;GIERES, EPICEA;45.19496154785156;5.774809837341309;10278
ESCLANGO;GRENOBLE, ESCLANGON;45.19158172607422;5.706500053405762;10279
ESPLANAD;GRENOBLE, ANNIE FRATELLINI - ESPLANADE;45.19565963745117;5.716790199279785;10280
ESSARTS;ECHIROLLES, ESSARTS - LA BUTTE;45.155879974365234;5.719089984893799;10281
ETIEGRAP;SAINT-MARTIN-D'HERES, ETIENNE GRAPPE;45.1721305847168;5.757689952850342;10282
EUGENESU;GRENOBLE, EUGENE SUE;45.1728401184082;5.724760055541992;10283
EVE;MONTBONNOT-SAINT-MARTIN, LES EVEQUAUX;45.23878860473633;5.817570209503174;10284
EYBMAIRI;EYBENS, EYBENS MAIRIE;45.14733123779297;5.749790191650391;10285
EYGALA;CORENC, EYGALA;45.21384811401367;5.7646098136901855;10286
FAU;SEYSSINET-PARISET, FAUCONNIERE;45.176841735839844;5.694019794464111;10287
FAUX;SAINT-MARTIN-D'URIAGE, HAMEAU LE FAUX;45.1716194152832;5.8465800285339355;10288
FELIXVIA;GRENOBLE, FELIX VIALLET;45.190731048583984;5.718470096588135;10289
FIANCEY;SAINT-EGREVE, CHEMIN FIANCEY;45.228641510009766;5.691709995269775;10290
FLAUCLOS;GRENOBLE, FLAUBERT - CLOS D'OR;45.17049026489258;5.727910041809082;10291
FOCHAIRE;MONT-SAINT-MARTIN, FOCHAIRE;45.27157974243164;5.67441987991333;10292
FOCHFERI;GRENOBLE, FOCH - FERRIE;45.18080139160156;5.722559928894043;10293
FONDRATE;CLAIX, FOND RATEL;45.12215042114258;5.689350128173828;10294
FONTAGNE;VARCES-ALLIERES-ET-RISSET, FONTAGNEUX;45.0872802734375;5.707859992980957;10295
FONTAHDV;FONTAINE, FONTAINE HOTEL DE VILLE - LA SOURCE;45.191341400146484;5.687270164489746;10296
FONTANIM;FONTANIL-CORNILLON, FONTANIL-CORNILLON MAIRIE;45.25617980957031;5.666329860687256;10297
FONTCIM;FONTANIL-CORNILLON, FONTANIL-CORNILLON CIMETIERE;45.25822830200195;5.663849830627441;10298
FONVIEIL;QUAIX-EN-CHARTREUSE, FONTVIEILLE;45.25920104980469;5.744900226593018;10299
FOVOG;LES FONTAINADES - LE VOG;45.18907165527344;5.698669910430908;10300
FRBLUMET;SASSENAGE, FRANCOIS BLUMET;45.209659576416016;5.677000045776367;10301
FRENAIE;VENON, LA FRENAIE;45.17338180541992;5.795139789581299;10302
FRQUESNA;ECHIROLLES, FRANCOIS QUESNAY;45.14789962768555;5.735169887542725;10303
FTL;FONTANIL-CORNILLON, PALLUEL;45.25502014160156;5.661709785461426;10304
FURONNIE;CLAIX, FURONNIERES;45.12596130371094;5.671309947967529;10305
GABFAURE;SAINT-MARTIN-D'HERES, GABRIEL FAURE - MUSE;45.19227981567383;5.7642998695373535;10306
GAGNIERE;SAINT-MARTIN-LE-VINOUX, LOUIS GAGNIERE;45.21485137939453;5.685760021209717;10307
GALOCHER;SAINT-MARTIN-D'HERES, GALOCHERE;45.17877960205078;5.7731499671936035;10308
GARCINS;VIF, LES GARCINS;45.06388854980469;5.669859886169434;10309
GARDE;SAINT-PAUL-DE-VARCES, LA GARDE;45.070491790771484;5.650619983673096;10310
GARENNE;CORENC, LA GARENNE;45.227291107177734;5.765830039978027;10311
GARES;GRENOBLE, GARES;45.19078063964844;5.715539932250977;10312
GARJA;CHAMP-SUR-DRAC, JARRIE GARE;45.08386993408203;5.742400169372559;10313
GAVANIER;SAINT-EGREVE, GAVANIERE;45.24121856689453;5.6814799308776855;10314
GAY;SAINT-MARTIN-D'HERES, GAY;45.184791564941406;5.750860214233398;10315
GAYLUSSA;ECHIROLLES, GAY LUSSAC;45.136451721191406;5.712140083312988;10316
GDCHATEL;SAINT-MARTIN-D'HERES, GRAND CHATELET;45.18193817138672;5.748410224914551;10317
GDTRONCH;LA TRONCHE, GRANDE TRONCHE;45.20703887939453;5.745779991149902;10318
GDVERGER;CHAMP-SUR-DRAC, GRAND VERGER;45.073848724365234;5.729569911956787;10319
GERARPHI;FONTAINE, GERARD PHILIPE;45.196468353271484;5.677040100097656;10320
GIERGARE;GIERES, GIERES GARE - UNIVERSITE;45.185279846191406;5.784580230712891;10321
GIRAUDIE;VARCES-ALLIERES-ET-RISSET, LA GIRAUDIERE;45.09503173828125;5.6798200607299805;10322
GLAIEULS;SAINT-MARTIN-D'HERES, GLAIEULS;45.169639587402344;5.763579845428467;10323
GLAIRAUX;SAINT-EGREVE, LES GLAIRAUX;45.21900939941406;5.679490089416504;10324
GLIERES;ECHIROLLES, LES GLIERES;45.149620056152344;5.711669921875;10325
GONNADIE;CHAMP-SUR-DRAC, MARCEL PAUL;45.077449798583984;5.731560230255127;10326
GP;GRENOBLE, GRAND'PLACE;45.15922164916992;5.732649803161621;10327
GRAND;GRENOBLE, LUCIEN ANDRIEUX;45.16434860229492;5.721350193023682;10328
GRANDPRE;SEYSSINET-PARISET, GRAND PRE;45.17177963256836;5.694240093231201;10329
GRANG;SAINT-EGREVE, GRANGE HAUTE;45.24557876586914;5.695630073547363;10330
GRANGE;VIF, LA GRANGE;45.039329528808594;5.66126012802124;10331
GRANGES;ECHIROLLES, LES GRANGES;45.156959533691406;5.727809906005859;10332
GRAPH;ECHIROLLES, CENTRE DU GRAPHISME;45.141849517822266;5.718160152435303;10333
GRBRU;GRENOBLE, LA BRUYERE;45.16630172729492;5.728600025177002;10334
GRDSABLO;LA TRONCHE, GRAND SABLON;45.199031829833984;5.75;10335
GREHOTEL;GRENOBLE, GRENOBLE HOTEL DE VILLE;45.187461853027344;5.737790107727051;10336
GRESIVAU;CORENC, GRESIVAUDAN;45.20996856689453;5.761769771575928;10337
GRIMPI;VIZILLE, LE GRIMPILLON;45.08232879638672;5.775149822235107;10338
GROSCHEN;VARCES-ALLIERES-ET-RISSET, LE GROS CHENE;45.07831954956055;5.702099800109863;10339
GRUGLIAS;ECHIROLLES, GRUGLIASCO;45.15127182006836;5.7094597816467285;10340
GUERIMAN;SAINT-MARTIN-LE-VINOUX, 16 AOUT 1944;45.204139709472656;5.715449810028076;10341
GUICHARD;VAULNAVEYS-LE-HAUT, LES GUICHARDS;45.126548767089844;5.816699981689453;10342
GUILBERT;SAINT-GEORGES-DE-COMMIERS, LES GUIBERTS;45.03858947753906;5.7057600021362305;10343
GUSTRIVE;GRENOBLE, GUSTAVE RIVET;45.18170166015625;5.727829933166504;10344
GUYMOCQU;ECHIROLLES, GUY MOCQUET;45.14548110961914;5.7258501052856445;10345
HAUT;SAINT-MARTIN-D'URIAGE, HAUTES VUES;45.16299819946289;5.839529991149902;10346
HDUNANT;GRENOBLE, HENRI DUNANT;45.17441177368164;5.7083001136779785;10347
HEBOURG;HERBEYS, HERBEYS LE BOURG;45.13887023925781;5.793109893798828;10348
HENRIREY;SEYSSINS, HENRI REY;45.14739990234375;5.677730083465576;10349
HENRIWAL;SAINT-MARTIN-D'HERES, HENRI WALLON;45.175628662109375;5.763919830322266;10350
HOPITSUD;ECHIROLLES, HOPITAL SUD;45.14690017700195;5.7327399253845215;10351
HOPMICHA;LA TRONCHE, HOPITAL MICHALLON - BELLEDONNE;45.197139739990234;5.747580051422119;10352
HOPOLICE;GRENOBLE, HOTEL DE POLICE;45.19409942626953;5.735710144042969;10353
HORLOGE;SAINT-MARTIN-LE-VINOUX, HORLOGE;45.21363067626953;5.698850154876709;10354
HOTELBEL;SAINT-MARTIN-LE-VINOUX, HOTEL BELLEVUE;45.21152877807617;5.717750072479248;10355
HOUILLEB;SAINT-MARTIN-D'HERES, HOUILLE BLANCHE;45.177940368652344;5.751699924468994;10356
HTMEYLAN;MEYLAN, HAUT-MEYLAN;45.217979431152344;5.779129981994629;10357
HVENCE;CORENC, HAMEAU DE VENCE;45.241790771484375;5.754330158233643;10358
ILESCORD;VEUREY-VOROIZE, ILES CORDEES;45.259708404541016;5.62608003616333;10359
ILESMARS;LE PONT-DE-CLAIX, ILES DE MARS;45.1319694519043;5.700260162353516;10360
ILEVERTE;GRENOBLE, ILE VERTE;45.19712829589844;5.73661994934082;10361
ILIADE;EYBENS, L'ILIADE;45.14712905883789;5.745460033416748;10362
INR;MONTBONNOT-SAINT-MARTIN, INRIA;45.21752166748047;5.807419776916504;10363
IRENEJOL;LE PONT-DE-CLAIX, IRENE JOLIOT-CURIE;45.127418518066406;5.6985602378845215;10364
ISAR;SAINT-MARTIN-D'URIAGE, IZARDS PATTE D'OIE;45.16886901855469;5.8648600578308105;10365
ISLE;SAINT-GEORGES-DE-COMMIERS, LES ISLES;45.04880905151367;5.706639766693115;10366
IUTUFRAP;GIERES, UNIVERSITE - IUT-STAPS;45.19765853881836;5.775879859924316;10367
JACOBINS;VIF, JACOBINS;45.06460952758789;5.691279888153076;10368
JAILLIER;MEYLAN, LES JAILLIERES;45.221031188964844;5.790070056915283;10369
JAVAUX;EYBENS, LES JAVAUX;45.15034103393555;5.749899864196777;10370
JBRUANT;VAULNAVEYS-LE-HAUT, ECOLE JULES BRUANT;45.12171936035156;5.8144001960754395;10371
JEANNARC;GRENOBLE, JEANNE D'ARC;45.18177032470703;5.745180130004883;10372
JEANPREV;FONTAINE, JEAN PREVOST;45.18954849243164;5.682759761810303;10373
JFLANDRI;MEYLAN, JULES FLANDRIN;45.20854187011719;5.758450031280518;10374
JRACINE;GRENOBLE, JEAN RACINE;45.16682052612305;5.7417497634887695;10375
JRCHA;GIERES, GIERES GARE - CHAMANDIER;45.18490982055664;5.7852702140808105;10376
JULESGUE;FONTAINE, JULES GUESDE;45.19791030883789;5.688779830932617;10377
JULESREY;LA TRONCHE, JULES REY;45.206581115722656;5.7427802085876465;10378
JVA;SAINT-MARTIN-D'HERES, JULES VALLES PROVISOIRE;45.18415832519531;5.747499942779541;10379
KARBEN;SAINT-EGREVE, KARBEN;45.24235153198242;5.670929908752441;10380
KARLMARX;FONTAINE, KARL MARX;45.186519622802734;5.687290191650391;10381
LABAUME;SEYSSINS, LA BAUME;45.160030364990234;5.689819812774658;10382
LACHAL;SAINT-MARTIN-LE-VINOUX, LACHAL;45.22241973876953;5.72475004196167;10383
LACHARRI;LE GUA, LA CHARRIERE;45.01277160644531;5.615869998931885;10384
LACHENAI;VENON, LA CHENAIE;45.170509338378906;5.807459831237793;10385
LACOMBE;GIERES, LA COMBE;45.17412185668945;5.79000997543335;10386
LACUCHE;VEUREY-VOROIZE, LA CUCHE;45.25606155395508;5.628139972686768;10387
LAFAURIE;VENON, LA FAURIE;45.175418853759766;5.794670104980469;10388
LAFOY;MEYLAN, LA FOY;45.217098236083984;5.776340007781982;10389
LAGAY;BRESSON, LAGAY;45.14080047607422;5.749969959259033;10390
LAGNEAU;SEYSSINS, L'AGNEAU;45.16130065917969;5.682960033416748;10391
LAGOMMA;SAINT-MARTIN-LE-VINOUX, LA GOMMA;45.21512985229492;5.71914005279541;10392
LAGRESSE;VARCES-ALLIERES-ET-RISSET, PONT DE LA GRESSE;45.086830139160156;5.6887102127075195;10393
LALUIRE;LE PONT-DE-CLAIX, GENDARMERIE;45.14002990722656;5.698520183563232;10394
LALUNE;SEYSSINS, RUE DE LA LUNE;45.15550994873047;5.672220230102539;10395
LAMELLE;CHAMP-SUR-DRAC, LA MELLE;45.07062911987305;5.727129936218262;10396
LAMONTA;SAINT-EGREVE, LA MONTA;45.23799133300781;5.688610076904297;10397
LAMPHI;LE PONT-DE-CLAIX, L'AMPHI;45.130348205566406;5.699749946594238;10398
LAMURAIL;SEYSSINET-PARISET, MURAILLES;45.17824935913086;5.691780090332031;10399
LANGEVIN;ECHIROLLES, PAUL LANGEVIN;45.14345932006836;5.723130226135254;10400
LAPIERRE;LE GUA, LA PIERRE;44.989158630371094;5.6219801902771;10401
LAPLAINE;SEYSSINET-PARISET, LA PLAINE;45.17259979248047;5.696889877319336;10402
LAPOYA;FONTAINE, LA POYA;45.19709014892578;5.672220230102539;10403
LAPRAIRI;SARCENAS, LA PRAIRIE;45.294620513916016;5.765610218048096;10404
LARIVO;MONT-SAINT-MARTIN, LA RIVOIRE;45.2686882019043;5.668600082397461;10405
LARIVOIR;SAINT-MARTIN-LE-VINOUX, LA RIVOIRE;45.220008850097656;5.715069770812988;10406
LASERRAL;VENON, LA SERRALIERE;45.172828674316406;5.798059940338135;10407
LASURE;FONTAINE, LA SURE;45.202789306640625;5.6858601570129395;10408
LATOUR;SAINT-GEORGES-DE-COMMIERS, LA TOUR;45.0382194519043;5.704179763793945;10409
LATUILE;VAULNAVEYS-LE-HAUT, LA TUILERIE;45.13616943359375;5.824230194091797;10410
LAVALONE;VIF, LA VALONNE;45.05030822753906;5.671289920806885;10411
LAVANCHO;VARCES-ALLIERES-ET-RISSET, LAVANCHON;45.10443878173828;5.673480033874512;10412
LAVILLE;VENON, LA VILLE;45.17409133911133;5.802619934082031;10413
LEBOURG;EYBENS, LE BOURG;45.14781188964844;5.751160144805908;10414
LECELLIE;SEYSSINS, CLINIQUE DU DAUPHINE;45.16149139404297;5.673540115356445;10415
LECHAMAN;GIERES, LE CHAMANDIER;45.181861877441406;5.78095006942749;10416
LECHAPON;VENON, LE CHAPON;45.17095947265625;5.821849822998047;10417
LECHENIL;VENON, LE CHENIL;45.16310119628906;5.812300205230713;10418
LECHERES;MEYLAN, LES LECHERES;45.20454025268555;5.759280204772949;10419
LECOMB;SEYSSINET-PARISET, LES COMBES;45.16807174682617;5.678750038146973;10420
LECRET;EYBENS, LE CRET;45.1439094543457;5.748589992523193;10421
LEGATINE;SAINT-MARTIN-LE-VINOUX, GATINET;45.22452926635742;5.718780040740967;10422
LEGORGET;LA TRONCHE, LE GORGET;45.21529006958008;5.74852991104126;10423
LEGOUILL;LE SAPPEY-EN-CHARTREUSE, LE GOUILLAT;45.25474166870117;5.7711100578308105;10424
LEGUA;SASSENAGE, LE GUA;45.20969009399414;5.664430141448975;10425
LEGUAMAI;LE GUA, LE GUA MAIRIE;45.02210998535156;5.6445698738098145;10426
LEJAPIN;GIERES, LE JAPIN;45.187461853027344;5.8070597648620605;10427
LEMA;SAINT-ISMIER, LES MARECHAUX;45.24993896484375;5.836259841918945;10428
LEMAIL;GRENOBLE, LE MAIL;45.16122817993164;5.728909969329834;10429
LEMARAIS;SAINT-MARTIN-D'HERES, LE MARAIS;45.164119720458984;5.7504401206970215;10430
LEMASGAC;SAINT-MARTIN-LE-VINOUX, MAS CACHE;45.21770095825195;5.721869945526123;10431
LENCLOS;BRIE-ET-ANGONNES, L'ENCLOS;45.13330078125;5.774839878082275;10432
LEOLA;CHAMP-SUR-DRAC, LEO LAGRANGE;45.08448028564453;5.734739780426025;10433
LEONJOUH;GRENOBLE, LEON JOUHAUX;45.16899871826172;5.744440078735352;10434
LEPARL;SEYSSINS, LE PARLEMENT;45.15864181518555;5.674469947814941;10435
LEPERROU;VENON, LE PERROUD;45.17245101928711;5.810359954833984;10436
LEPLATR;JARRIE, LE PLATRE;45.117759704589844;5.747900009155273;10437
LEPLATRE;VAULNAVEYS-LE-BAS, CHEMIN DES COTTES;45.09397888183594;5.793260097503662;10438
LEPRIOU;SEYSSINS, LE PRIOU;45.156978607177734;5.678800106048584;10439
LEREFUGE;VIF, LE REFUGE;45.07461929321289;5.69959020614624;10440
LEREYNET;VENON, LE REYNET;45.169891357421875;5.813220024108887;10441
LERIF;VIF, LE RIF;45.03229904174805;5.655459880828857;10442
LESALLAS;VIZILLE, LES ALLAS;45.075469970703125;5.778600215911865;10443
LESBAINS;GRENOBLE, SUZANNE NOEL - LES BAINS;45.1782112121582;5.742640018463135;10444
LESCOMBE;SAINT-MARTIN-LE-VINOUX, LES COMBES;45.20964050292969;5.7179999351501465;10445
LESCOTES;SEYSSINS, LES COTES;45.156890869140625;5.67080020904541;10446
LESESSAR;GRENOBLE, LES ESSARTS;45.1593017578125;5.713759899139404;10447
LESFAURE;LE GUA, LES FAURES;45.01438903808594;5.613540172576904;10448
LESFAUVE;SAINT-MARTIN-LE-VINOUX, LES FAUVETTES;45.20589065551758;5.717840194702148;10449
LESFORGE;VIZILLE, LES FORGES;45.0771598815918;5.768579959869385;10450
LESILES;SEYSSINET-PARISET, LES ILES;45.18410110473633;5.697159767150879;10451
LESPIES;SASSENAGE, LES PIES;45.19956970214844;5.6698899269104;10452
LETOILE;LE PONT-DE-CLAIX, L'ETOILE;45.13787841796875;5.7032999992370605;10453
LEVERNAY;MIRIBEL-LANCHATRE, LE VERNAY;44.970149993896484;5.608749866485596;10454
LEVETIER;SAINT-MARTIN-LE-VINOUX, LEVETIERE;45.22629165649414;5.725480079650879;10455
LHERMITA;SAINT-MARTIN-LE-VINOUX, L'HERMITAGE;45.21501159667969;5.704179763793945;10456
LILAS;VARCES-ALLIERES-ET-RISSET, LES LILAS;45.107879638671875;5.6765899658203125;10457
LLN;SAINT-MARTIN-D'URIAGE, LOTISSEMENT LA NOYAREY;45.16175079345703;5.842710018157959;10458
LMICHEL;GRENOBLE, LOUISE MICHEL;45.169761657714844;5.712870121002197;10459
LOUISJOU;GRENOBLE, LOUIS JOUVET;45.16999053955078;5.737120151519775;10460
LPE;SAINT-MARTIN-D'URIAGE, LE PENET;45.15876007080078;5.848360061645508;10461
LPO;CROLLES, LES POMPIERS;45.27516174316406;5.879779815673828;10462
LROSCO;SAINT-MARTIN-D'URIAGE, LE ROSSIN DE CORPS;45.17034149169922;5.854290008544922;10463
LTE;VIZILLE, VIZILLE LYCEE;45.068721771240234;5.768360137939453;10464
LYC;MEYLAN, LYCEE DU GRESIVAUDAN;45.213340759277344;5.781030178070068;10465
LYCBACHA;MEYLAN, LYCEE DU GRESIVAUDAN - BACHAIS;45.21416091918945;5.779099941253662;10466
LYSROUGE;GRENOBLE, LYS ROUGE;45.173038482666016;5.710569858551025;10467
MADELEIN;GRENOBLE, MADELEINE;45.185150146484375;5.743239879608154;10468
MAINNATI;GRENOBLE, MARCHE D'INTERET NATIONAL;45.17353820800781;5.718050003051758;10469
MAIRIECO;CORENC, MAIRIE-CONDAMINE;45.211181640625;5.750919818878174;10470
MAIRIESM;SAINT-MARTIN-LE-VINOUX, SAINT-MARTIN-LE-VINOUX HOTEL DE VILLE;45.20825958251953;5.706850051879883;10471
MAISANCI;GRENOBLE, MAISON DES ANCIENS;45.159751892089844;5.723249912261963;10472
MAISNEUV;EYBENS, MAISONS NEUVES;45.16490936279297;5.742519855499268;10473
MAISON;VAULNAVEYS-LE-BAS, MAISON BLANCHE;45.11180877685547;5.80511999130249;10474
MAISONNA;FONTAINE, LOUIS MAISONNAT;45.18912124633789;5.694089889526367;10475
MALACHER;MEYLAN, MALACHER;45.211219787597656;5.787220001220703;10476
MALADIER;SASSENAGE, MALADIERE;45.20772933959961;5.680480003356934;10477
MALHERBE;GRENOBLE, MALHERBE;45.169281005859375;5.732289791107178;10478
MALHIVER;CLAIX, MALHIVERT;45.13254165649414;5.666880130767822;10479
MALISSOL;VARCES-ALLIERES-ET-RISSET, MALISSOLLES;45.083961486816406;5.704699993133545;10480
MALLIFAU;GRENOBLE, MALLIFAUD;45.180328369140625;5.73507022857666;10481
MARAT;FONTAINE, MARAT;45.19915008544922;5.682839870452881;10482
MARCEAU;GRENOBLE, MARCEAU - JARDIN DES VALLONS;45.18244934082031;5.722169876098633;10483
MARCELLI;LE PONT-DE-CLAIX, MARCELLINE;45.12553024291992;5.6979498863220215;10484
MARCHAND;VAULNAVEYS-LE-HAUT, MARCHANDISES;45.114830017089844;5.807660102844238;10485
MARCSANG;SEYSSINS, MARC SANGNIER;45.164859771728516;5.689149856567383;10486
MARESIST;GRENOBLE, MARTYRS - RESISTANCE;45.208099365234375;5.696609973907471;10487
MARIANNE;LE PONT-DE-CLAIX, MARIANNE;45.13494873046875;5.692910194396973;10488
MARIECUR;ECHIROLLES, MARIE CURIE;45.14522933959961;5.717040061950684;10489
MARITELL;BRESSON, LA MARITELLE;45.14162063598633;5.741350173950195;10490
MARRONNI;VEUREY-VOROIZE, LES MARRONNIERS;45.27635955810547;5.611050128936768;10491
MASDESIL;SEYSSINS, MAS DES ILES;45.16727066040039;5.694240093231201;10492
MASGARNI;VIF, MAS GARNI;45.0607795715332;5.68818998336792;10493
MASSEGU;VIF, LE MASSEGU;45.05194091796875;5.67464017868042;10494
MASSENET;GRENOBLE, MASSENET;45.16770935058594;5.7210798263549805;10495
MAUPA;SAINT-MARTIN-D'URIAGE, LE MAUPAS;45.15925979614258;5.819039821624756;10496
MAUPERTJ;JARRIE, MAUPERTUIS;45.1055793762207;5.746449947357178;10497
MAYENCIN;GIERES, MAYENCIN - CHAMP ROMAN;45.18490982055664;5.778950214385986;10498
MC;SAINT-MARTIN-D'HERES, MAISON COMMUNALE;45.1839485168457;5.753779888153076;10499
MC2;GRENOBLE, MC2: MAISON DE LA CULTURE;45.17348861694336;5.732029914855957;10500
MEG;MEYLAN, CHEMIN DE L'EGLISE;45.226688385009766;5.787189960479736;10501
MEINGET;SAINT-PAUL-DE-VARCES, LE MEINGET;45.07973098754883;5.662970066070557;10502
MEMO;SAINT-NAZAIRE-LES-EYMES, LE MEMORIAL;45.25429153442383;5.840879917144775;10503
MEYLMAIR;MEYLAN, MEYLAN MAIRIE;45.20927810668945;5.778500080108643;10504
MG;MONTBONNOT-SAINT-MARTIN, MONTBONNOT GARE;45.22834014892578;5.80433988571167;10505
MICHALLO;LA TRONCHE, HOPITAL MICHALLON - GRESIVAUDAN;45.200279235839844;5.745329856872559;10506
MIRIBEL;MIRIBEL-LANCHATRE, MIRIBEL;44.97465896606445;5.620999813079834;10507
MO;MEYLAN, CHARLAIX - MAUPERTUIS;45.211910247802734;5.797249794006348;10508
MOLLARD;CORENC, ROCHASSON;45.22364044189453;5.7677998542785645;10509
MOLLARDP;SASSENAGE, MOLLARD PICHON;45.2136116027832;5.652490139007568;10510
MOLLARSA;LE SAPPEY-EN-CHARTREUSE, LES JONQUILLES;45.264671325683594;5.774199962615967;10511
MONMOUSS;ECHIROLLES, MONMOUSSEAU;45.153541564941406;5.711880207061768;10512
MONTCHAV;MONTCHABOUD, MONTCHABOUD LE VILLAGE;45.09497833251953;5.764820098876953;10513
MONTFLEU;CORENC, MONTFLEURY;45.212039947509766;5.757090091705322;10514
MONTQUAI;QUAIX-EN-CHARTREUSE, MONT-QUAIX;45.2557487487793;5.742839813232422;10515
MONUMENT;CORENC, MONUMENT;45.21699905395508;5.753600120544434;10516
MORE;PROVEYSIEUX, MORETIERE;45.254051208496094;5.694379806518555;10517
MORTES;DOMENE, LES MORTES;45.19635009765625;5.828869819641113;10518
MOUCHERO;CLAIX, MOUCHEROTTE;45.125789642333984;5.680960178375244;10519
MOULIN;NOTRE-DAME-DE-COMMIERS, LE MOULIN;45.015159606933594;5.704500198364258;10520
MOUNIER;GRENOBLE, MOUNIER;45.17900085449219;5.731790065765381;10521
MOUTONNE;SAINT-EGREVE, MOUTONNEES;45.22837829589844;5.684219837188721;10522
MP;MONTBONNOT-SAINT-MARTIN, LE PRIEURE;45.225379943847656;5.812029838562012;10523
MURET;SAINT-EGREVE, MURET;45.22618103027344;5.686160087585449;10524
MURIERS;MEYLAN, LES MURIERS;45.21548843383789;5.779540061950684;10525
MUS;MEYLAN, MAISON DE LA MUSIQUE;45.209590911865234;5.781350135803223;10526
MUSGEOCH;ECHIROLLES, MUSEE GEO CHARLES;45.148780822753906;5.701720237731934;10527
MUSHEBER;LA TRONCHE, MUSEE HEBERT;45.20563888549805;5.748879909515381;10528
MUTUALIT;GRENOBLE, MUTUALITE;45.190460205078125;5.736629962921143;10529
NAMIERE;MONT-SAINT-MARTIN, CHEMIN DE NAMIERE;45.27231979370117;5.678530216217041;10530
NARBONNE;SAINT-MARTIN-LE-VINOUX, NARBONNE;45.21398162841797;5.710259914398193;10531
NAVIS;ECHIROLLES, NAVIS;45.15626907348633;5.7084197998046875;10532
NDCV;NOTRE-DAME-DE-COMMIERS, NOTRE-DAME-DE-COMMIERS LE VILLAGE;45.00967025756836;5.700150012969971;10533
NED;SAINT-MARTIN-D'HERES, PABLO NERUDA;45.174381256103516;5.761919975280762;10534
NERON;SAINT-MARTIN-LE-VINOUX, NERON;45.21781921386719;5.693339824676514;10535
NEUR;LA TRONCHE, HOPITAL - NEUROSCIENCE;45.19832992553711;5.743899822235107;10536
NEYRBELL;SAINT-MARTIN-D'HERES, NEYRPIC - BELLEDONNE;45.18669128417969;5.757160186767578;10537
NIVOLON;VARCES-ALLIERES-ET-RISSET, NIVOLON;45.10173034667969;5.672460079193115;10538
NODAMLAC;VARCES-ALLIERES-ET-RISSET, NOTRE-DAME DE LACHAL;45.08736038208008;5.690110206604004;10539
NOTREDAM;GRENOBLE, NOTRE-DAME - MUSEE;45.193580627441406;5.732140064239502;10540
NOYARBAS;NOYAREY, BASCULE;45.242919921875;5.6321702003479;10541
NOYARSTJ;NOYAREY, SAINT-JEAN;45.23891067504883;5.634250164031982;10542
ODYSSEE;EYBENS, ODYSSEE;45.15272903442383;5.748760223388672;10543
OISEAUX;CORENC, LES OISEAUX;45.21506118774414;5.768670082092285;10544
ORATOIRE;DOMENE, L'ORATOIRE;45.19818878173828;5.83411979675293;10545
ORIEL;VARCES-ALLIERES-ET-RISSET, L'ORIEL;45.08937072753906;5.683549880981445;10546
OVALIE;SASSENAGE, L'OVALIE (REGULATION);45.20967102050781;5.666950225830078;10547
OXF;GRENOBLE, OXFORD;45.204811096191406;5.7012200355529785;10548
PABLOPIC;ECHIROLLES, COLLEGE PABLO PICASSO;45.1446418762207;5.698160171508789;10549
PAJON;CORENC, CHARLES PAJON;45.21369171142578;5.752870082855225;10550
PALAQUIT;SARCENAS, COL DE PALAQUIT;45.27307891845703;5.765699863433838;10551
PALJUSTI;GRENOBLE, PALAIS DE JUSTICE - GARE;45.1916389465332;5.710859775543213;10552
PAMPRES;CLAIX, LES PAMPRES;45.115360260009766;5.665890216827393;10553
PARCHATE;VARCES-ALLIERES-ET-RISSET, PARC DE LA CHATELIERE;45.106529235839844;5.672609806060791;10554
PARCS;SASSENAGE, LES PARCS;45.21657943725586;5.6519999504089355;10555
PARISE;SEYSSINET-PARISET, PARISET;45.174781799316406;5.658790111541748;10556
PASCAL;LA TRONCHE, PASCAL;45.199501037597656;5.755270004272461;10557
PAULCOCA;GRENOBLE, PAUL COCAT;45.17226028442383;5.74478006362915;10558
PAULELUA;SAINT-MARTIN-D'HERES, PAUL ELUARD;45.16511917114258;5.748869895935059;10559
PAUT;NOTRE-DAME-DE-COMMIERS, LES PAUTTATS;45.011478424072266;5.701610088348389;10560
PAVILLON;VARCES-ALLIERES-ET-RISSET, PAVILLON;45.1083984375;5.67425012588501;10561
PBER;CROLLES, PONT DE BERNIN;45.27394104003906;5.870090007781982;10562
PCLAUDEL;GRENOBLE, PAUL CLAUDEL;45.17335891723633;5.7385101318359375;10563
PCM;LE PONT-DE-CLAIX, LE PONT-DE-CLAIX MAIRIE;45.123451232910156;5.697750091552734;10564
PEAGEDEV;VIZILLE, LE PEAGE;45.057701110839844;5.77101993560791;10565
PEIFEND;SAINT-MARTIN-D'URIAGE, LES PEIFFENDES;45.157161712646484;5.822400093078613;10566
PELISIER;VARCES-ALLIERES-ET-RISSET, PELISSIERE;45.07057189941406;5.675059795379639;10567
PELLOUTI;ECHIROLLES, FERNAND PELLOUTIER;45.150840759277344;5.71481990814209;10568
PERCEVAL;SEYSSINET-PARISET, PERCEVALIERE;45.17015838623047;5.686820030212402;10569
PERE;SAINT-MARTIN-D'URIAGE, LA PEREREE;45.17626190185547;5.861020088195801;10570
PERIBROS;SAINT-MARTIN-D'HERES, PERI - BROSSOLETTE;45.18770980834961;5.751420021057129;10571
PERIERES;VEUREY-VOROIZE, PERRIERES;45.262088775634766;5.62470006942749;10572
PEROUSES;CLAIX, LES PEROUSES;45.12456130981445;5.679369926452637;10573
PERRIERE;GIERES, LA PERRIERE;45.18935012817383;5.810790061950684;10574
PETIBRIO;VIF, LE PETIT BRION;45.06224822998047;5.690179824829102;10575
PEUPLE;SAINT-GEORGES-DE-COMMIERS, LES PEUPLIERS;45.045711517333984;5.7023701667785645;10576
PFMITTER;SEYSSINS, PARC FRANCOIS MITTERRAND;45.16286849975586;5.685299873352051;10577
PHEROULT;ECHIROLLES, PAUL HEROULT;45.147281646728516;5.713469982147217;10578
PIEDGIER;GIERES, PIED DE GIERES;45.18387985229492;5.798520088195801;10579
PIERRELO;SAINT-MARTIN-D'HERES, PIERRE LOTI;45.16664123535156;5.7464599609375;10580
PIERSEMA;SAINT-MARTIN-D'HERES, PIERRE SEMARD;45.181278228759766;5.757120132446289;10581
PINEA;SAINT-EGREVE, LA PINEA - ST ROBERT;45.23564910888672;5.675489902496338;10582
PINET;SAINT-MARTIN-D'URIAGE, LE PINET D'URIAGE;45.16524124145508;5.848989963531494;10583
PLACA;CHAMPAGNIER, PLACE DU LACA;45.11378860473633;5.728630065917969;10584
PLACEQUA;QUAIX-EN-CHARTREUSE, QUAIX-EN-CHARTREUSE PLACE;45.25318908691406;5.717319965362549;10585
PLACESAP;LE SAPPEY-EN-CHARTREUSE, LE SAPPEY-EN-CHARTREUSE PLACE;45.25947952270508;5.777060031890869;10586
PLACMARC;FONTAINE, PLACE DU MARCHE CACHIN;45.19588088989258;5.69064998626709;10587
PLAINE;VIF, LA PLAINE;45.06686019897461;5.692130088806152;10588
PLAINEDS;GIERES, PLAINE DES SPORTS;45.18804931640625;5.784210205078125;10589
PLAINEFL;MEYLAN, PLAINE FLEURIE;45.2027587890625;5.761390209197998;10590
PLALOUIS;MEYLAN, PLACE DE LA LOUISIANE;45.20875930786133;5.763209819793701;10591
PLANF;PROVEYSIEUX, PLANFAY BAS;45.278690338134766;5.7135701179504395;10592
PLANFAY;PROVEYSIEUX, PLANFAY HAUT;45.27873992919922;5.717870235443115;10593
PLATANES;VARCES-ALLIERES-ET-RISSET, LES PLATANES;45.08932876586914;5.677700042724609;10594
PLGEANTS;GRENOBLE, LES GEANTS;45.16115188598633;5.739940166473389;10595
PLIBERAT;SASSENAGE, PLACE DE LA LIBERATION;45.20682144165039;5.6628098487854;10596
PLREPUBL;GIERES, PLACE DE LA REPUBLIQUE;45.182090759277344;5.792570114135742;10597
PLV;SEYSSINS, SEYSSINS VILLAGE;45.15639877319336;5.681399822235107;10598
POLESUD;GRENOBLE, POLESUD - ALPEXPO;45.15715026855469;5.733839988708496;10599
POLOTTI;ECHIROLLES, ANTOINE POLOTTI;45.14860153198242;5.722509860992432;10600
POMAR;PROVEYSIEUX, POMAREY BAS;45.28044891357422;5.7096099853515625;10601
POMAREY;PROVEYSIEUX, POMAREY;45.282318115234375;5.710790157318115;10602
POMMERAI;VARCES-ALLIERES-ET-RISSET, LA POMMERAIE;45.087650299072266;5.672060012817383;10603
POMPIDOU;CLAIX, POMPIDOU;45.119930267333984;5.692550182342529;10604
PONC;CHAMP-SUR-DRAC, PONT DE CHAMP;45.0884895324707;5.730740070343018;10605
PONSARD;GRENOBLE, PONSARD;45.175968170166016;5.737199783325195;10606
PONTGENE;VIF, LE PONT DE GENEVREY;45.02851867675781;5.651710033416748;10607
PONTMAS;VIZILLE, LE PONT DU MAS;45.086788177490234;5.788869857788086;10608
PORTAILR;SAINT-MARTIN-D'HERES, PORTAIL ROUGE;45.181400299072266;5.76347017288208;10609
PORTGRES;SAINT-MARTIN-D'HERES, PORTE DU GRESIVAUDAN;45.18252944946289;5.7766499519348145;10610
POSTE;CLAIX, POSTE;45.12110137939453;5.672140121459961;10611
POTIE;SAINT-MARTIN-D'HERES, POTIE;45.17087936401367;5.758590221405029;10612
POULAT;SAINT-PAUL-DE-VARCES, LE POULAT;45.074440002441406;5.660019874572754;10613
PRAPARIS;SASSENAGE, PRAPARIS USINE;45.229251861572266;5.649700164794922;10614
PRAPAROS;NOYAREY, PRAPARIS - LES ROSES;45.232261657714844;5.6450300216674805;10615
PREAUCR;EYBENS, PRE AU CRET;45.14405059814453;5.740099906921387;10616
PREBIL;SAINT-GEORGES-DE-COMMIERS, PRE DU BIL;45.024658203125;5.70658016204834;10617
PREDIEU;SAINT-EGREVE, FIANCEY - PREDIEU;45.22359085083008;5.688270092010498;10618
PREFLEUR;SASSENAGE, PRE FLEURY;45.20183181762695;5.667630195617676;10619
PRELENFR;LE GUA, PRELENFREY EGLISE;45.016929626464844;5.61329984664917;10620
PREMOL;POISAT, CIMETIERE INTERCOMMUNAL;45.15752029418945;5.764120101928711;10621
PRENOUVE;SEYSSINS, PRE NOUVEL;45.15140914916992;5.680389881134033;10622
PREORME;VARCES-ALLIERES-ET-RISSET, PRE DE L'ORME;45.10963821411133;5.688399791717529;10623
PRESAGE;VARCES-ALLIERES-ET-RISSET, PRE DU SAGE;45.1044807434082;5.683239936828613;10624
PRIEURE;DOMENE, LE PRIEURE;45.204891204833984;5.835760116577148;10625
PRISME;SEYSSINS, LE PRISME;45.16638946533203;5.690549850463867;10626
PRM;MONTBONNOT-SAINT-MARTIN, PRE MILLET;45.221580505371094;5.812849998474121;10627
PROMOSOC;SAINT-MARTIN-D'HERES, LES ALPILLES;45.18714141845703;5.769579887390137;10628
PROVIDEN;CORENC, PROVIDENCE;45.22111129760742;5.764560222625732;10629
PTCHATEL;VEUREY-VOROIZE, PETIT CHATELARD;45.27608108520508;5.612130165100098;10630
PTROUGE;CLAIX, PONT ROUGE;45.11832046508789;5.692540168762207;10631
PTTRONCH;LA TRONCHE, PETITE TRONCHE;45.20195007324219;5.73415994644165;10632
PTVENCE;SAINT-EGREVE, PONT DE VENCE;45.2300910949707;5.682300090789795;10633
PUIS;VENON, LES PUIS;45.17205810546875;5.81643009185791;10634
PV;GIERES, PONT DE VENON;45.17823028564453;5.790430068969727;10635
QUARA;QUAIX-EN-CHARTREUSE, CHEMIN DE L'ARAGNAT;45.23931121826172;5.734250068664551;10636
QUFRE;QUAIX-EN-CHARTREUSE, LA FRETTE;45.24414825439453;5.739260196685791;10637
QUINZAIN;ECHIROLLES, QUINZAINE;45.1514892578125;5.706639766693115;10638
RAFOUR;FONTANIL-CORNILLON, RAFOUR;45.248680114746094;5.666880130767822;10639
RAMPE;ECHIROLLES, LA RAMPE - CENTRE-VILLE;45.149478912353516;5.718180179595947;10640
RAT;SAINT-NAZAIRE-LES-EYMES, LES RATZ;45.258331298828125;5.85122013092041;10641
RAYCHANA;GRENOBLE, RAYMOND CHANAS;45.1596794128418;5.73822021484375;10642
RENECASS;DOMENE, RENE CASSIN;45.204498291015625;5.844160079956055;10643
REPLAT;BRIE-ET-ANGONNES, LE REPLAT;45.12089920043945;5.7815399169921875;10644
REPOSOIR;SAINT-MARTIN-LE-VINOUX, LE REPOSOIR;45.209449768066406;5.716440200805664;10645
RESIVAL;VARCES-ALLIERES-ET-RISSET, RESIDENCE VAL D'ALLIERES;45.106571197509766;5.680319786071777;10646
REV;MEYLAN, LA REVIREE;45.20772933959961;5.768539905548096;10647
REYNOARD;GRENOBLE, REYNOARD;45.163978576660156;5.728630065917969;10648
RHINDANU;GRENOBLE, ROSA PARKS;45.17496871948242;5.7052202224731445;10649
RIGAU;PROVEYSIEUX, GARCINIERE;45.25164031982422;5.69488000869751;10650
RIPAILLE;SAINT-MARTIN-LE-VINOUX, RIPAILLERE;45.22682189941406;5.720779895782471;10651
RISSET;VARCES-ALLIERES-ET-RISSET, RISSET;45.10723876953125;5.673089981079102;10652
RIVETS;MURIANETTE, LES RIVETS;45.194820404052734;5.824550151824951;10653
RIVOIRE;SASSENAGE, RIVOIRE DE LA DAME;45.21493148803711;5.6516900062561035;10654
ROBESPIE;POISAT, ROBESPIERRE;45.15985107421875;5.757180213928223;10655
ROCH;SAINT-MARTIN-D'URIAGE, LE ROCHAREY;45.17496871948242;5.870560169219971;10656
ROCHEFOR;VARCES-ALLIERES-ET-RISSET, LE ROCHEFORT;45.10163879394531;5.68533992767334;10657
ROCHEPLA;SAINT-MARTIN-D'HERES, ROCHEPLANE;45.17829895019531;5.762360095977783;10658
ROCHEPLE;SAINT-EGREVE, ROCHEPLEINE;45.244590759277344;5.675169944763184;10659
ROCHERES;SAINT-EGREVE, ROCHER D'ESCALADE;45.24319839477539;5.679069995880127;10660
ROLLANDI;SASSENAGE, LA ROLLANDIERE;45.21501159667969;5.6611199378967285;10661
ROMANCHE;CHAMP-SUR-DRAC, ESPACE NAVARRE;45.08662033081055;5.730669975280762;10662
RONDEAU;GRENOBLE, MARIELLE FRANCO - TECHNISUD;45.16072082519531;5.709650039672852;10663
RONDEURO;VARCES-ALLIERES-ET-RISSET, ROND-POINT DE L'EUROPE;45.09312057495117;5.683750152587891;10664
RONZ;SAINT-MARTIN-D'URIAGE, LA RONZIERE;45.1688117980957;5.840640068054199;10665
RONZY;CLAIX, LA RONZY;45.12083053588867;5.675930023193359;10666
ROSERAIE;GIERES, ROSERAIE;45.17900848388672;5.781010150909424;10667
ROSES;CLAIX, LES ROSES;45.1179084777832;5.667389869689941;10668
ROSSETS;LE GUA, LES ROSSETS;45.016571044921875;5.640830039978027;10669
ROUDIER;QUAIX-EN-CHARTREUSE, ROUDIER;45.24811935424805;5.731639862060547;10670
ROUSTEGR;QUAIX-EN-CHARTREUSE, ROUTE DE SAINT-EGREVE;45.254878997802734;5.704800128936768;10671
ROZATIER;VARCES-ALLIERES-ET-RISSET, ROZATIERE;45.087059020996094;5.7024102210998535;10672
RPR;CROLLES, RUE DU PRE ROUX;45.270938873291016;5.887430191040039;10673
RS;MEYLAN, REVIREE - SAYETTES;45.21220016479492;5.76731014251709;10674
RSM;SAINT-MARTIN-D'URIAGE, ROUTE DE SAINT-MARTIN;45.139469146728516;5.828169822692871;10675
RUEALPES;FONTAINE, RUE DES ALPES;45.19799041748047;5.680870056152344;10676
RUEPASTE;FONTAINE, RUE PASTEUR;45.194210052490234;5.694729804992676;10677
RUIRES;EYBENS, LES RUIRES-BOETIE;45.14931869506836;5.741219997406006;10678
RUISSET;NOYAREY, LE RUISSET;45.25006866455078;5.6315598487854;10679
SABLONS;LA TRONCHE, SABLONS;45.196468353271484;5.7520599365234375;10680
SACRISTI;VIF, RUE DE LA SACRISTIE;45.07080841064453;5.695380210876465;10681
SAILLANT;LE GUA, LES SAILLANTS;45.02463150024414;5.6458001136779785;10682
SAINTEYN;LE SAPPEY-EN-CHARTREUSE, SAINT-EYNARD;45.24925994873047;5.7653398513793945;10683
SAINTMIC;CLAIX, SAINT-MICHEL;45.112030029296875;5.6845197677612305;10684
SAINTPE;SAINT-GEORGES-DE-COMMIERS, SAINT-PIERRE EGLISE;45.02819061279297;5.7060699462890625;10685
SALENGRO;GRENOBLE, SALENGRO;45.1756591796875;5.708869934082031;10686
SALLEZOL;CHAMP-SUR-DRAC, ZOLA - MAIRIE;45.082611083984375;5.733709812164307;10687
SARCENA;SARCENAS, SARCENAS LE VILLAGE;45.273399353027344;5.758609771728516;10688
SARCROZ;SARCENAS, PONT DU CROZ;45.27669143676758;5.75747013092041;10689
SAULES;EYBENS, LES SAULES;45.16188049316406;5.741759777069092;10690
SAVOY;PROVEYSIEUX, SAVOYARDIERE;45.2783317565918;5.708330154418945;10691
SEYHDV;SEYSSINET-PARISET, SEYSSINET-PARISET HOTEL DE VILLE;45.180320739746094;5.697070121765137;10692
SEYRON;GRENOBLE, RONDEAU;45.15871047973633;5.705840110778809;10693
SEYSROND;SEYSSINS, LOUIS VICAT;45.16035079956055;5.693729877471924;10694
SIG;SAINT-ISMIER, SAINT-ISMIER GARE;45.245941162109375;5.831120014190674;10695
SIMIA;JARRIE, LES SIMIANES;45.116119384765625;5.757780075073242;10696
SMHVILLA;SAINT-MARTIN-D'HERES, SAINT-MARTIN-D'HERES VILLAGE;45.16511917114258;5.765520095825195;10697
SMVINOUX;SAINT-MARTIN-LE-VINOUX, PLACE DU VILLAGE;45.2038688659668;5.716340065002441;10698
SNETVILA;SEYSSINET-PARISET, SEYSSINET-PARISET VILLAGE;45.1705207824707;5.680739879608154;10699
SNU;SAINT-MARTIN-D'URIAGE, SAINT-NIZIER-D'URIAGE;45.164180755615234;5.834740161895752;10700
SONNANT;GIERES, LE SONNANT;45.181610107421875;5.782710075378418;10701
SOU;SAINT-MARTIN-LE-VINOUX, SOUCHET;45.20983123779297;5.713799953460693;10702
SOUSFRET;QUAIX-EN-CHARTREUSE, SOUS LA FRETTE;45.25035858154297;5.735320091247559;10703
SOUSPERO;VENON, SOUS-PERROUD;45.1702995300293;5.810770034790039;10704
SPAULMAI;SAINT-PAUL-DE-VARCES, SAINT-PAUL-DE-VARCES PLACE;45.07167053222656;5.642600059509277;10705
STADE;ECHIROLLES, STADE;45.14350128173828;5.729430198669434;10706
STADEPER;CHAMP-SUR-DRAC, STADE PERROUAULT;45.07558822631836;5.727180004119873;10707
STADLESD;GRENOBLE, STADE LESDIGUIERES;45.16429138183594;5.710969924926758;10708
STALALLI;GRENOBLE, STALINGRAD-ALLIES;45.17171859741211;5.7243499755859375;10709
STAUGUST;GRENOBLE, SAINT-AUGUSTIN;45.17826843261719;5.745910167694092;10710
STBARTHE;LE GUA, SAINT-BARTHELEMY;44.99985885620117;5.629459857940674;10711
STBRUNNC;GRENOBLE, CHORIER - SAINT-BRUNO;45.18592071533203;5.714029788970947;10712
STBRUNO;GRENOBLE, SAINT-BRUNO;45.188331604003906;5.713510036468506;10713
STEANGE;VARCES-ALLIERES-ET-RISSET, SAINT-ANGE;45.09682846069336;5.6836700439453125;10714
STECLAIR;GRENOBLE, SAINTE-CLAIRE - LES HALLES;45.19145965576172;5.730669975280762;10715
STEND;VARCES-ALLIERES-ET-RISSET, STENDHAL;45.087100982666016;5.6858601570129395;10716
STEYNARD;FONTAINE, SAINT-EYNARD;45.20112991333008;5.690209865570068;10717
STGCOMMI;SAINT-GEORGES-DE-COMMIERS, ST-GEORGES-DE-COMMIERS GARE;45.04362869262695;5.70173978805542;10718
STGERMAI;LA TRONCHE, SAINT-GERMAIN;45.21015167236328;5.744080066680908;10719
STJBOSCO;MEYLAN, SAINT-JEAN BOSCO;45.21281814575195;5.773049831390381;10720
STLAUREN;GRENOBLE, SAINT-LAURENT;45.198020935058594;5.732570171356201;10721
STM;CROLLES, ST MICROELECTRONICS;45.26694107055664;5.884950160980225;10722
STMURY;MEYLAN, SAINT-MURY;45.2194709777832;5.786129951477051;10723
STROCH;GRENOBLE, SAINT-ROCH;45.19129180908203;5.7385101318359375;10724
STVICTOR;MEYLAN, SAINT-VICTOR;45.228599548339844;5.789279937744141;10725
SURIEUX;ECHIROLLES, SURIEUX;45.1584587097168;5.721920013427734;10726
TA;SAINT-MARTIN-D'HERES, UNIVERSITE - LES TAILLEES;45.19169998168945;5.75832986831665;10727
TAILLIS;CLAIX, LES TAILLIS;45.11315155029297;5.665770053863525;10728
TAVER;BRIE-ET-ANGONNES, TAVERNOLLES;45.13628005981445;5.770370006561279;10729
TEISSEIR;GRENOBLE, TEISSEIRE;45.17081069946289;5.74015998840332;10730
TER;MEYLAN, LIONEL TERRAY;45.2099494934082;5.767449855804443;10731
TERRATS;GIERES, LES TERRATS;45.16913986206055;5.792850017547607;10732
TESS;CROLLES, TEISSEIRE;45.27219009399414;5.887479782104492;10733
THEVE;JARRIE, LES THEVENETS;45.1157112121582;5.7510199546813965;10734
TRAVERS;VAULNAVEYS-LE-BAS, LES TRAVERS;45.0913200378418;5.791619777679443;10735
TREFFORI;SASSENAGE, TREFFORINE;45.20446014404297;5.664989948272705;10736
TRONCHOP;LA TRONCHE, HOPITAL COUPLE ENFANT;45.201229095458984;5.74183988571167;10737
TUILERIE;SEYSSINS, TUILERIE;45.16905975341797;5.692150115966797;10738
UGA;SAINT-MARTIN-D'URIAGE, URIAGE GARE;45.14398956298828;5.8294901847839355;10739
URIOL;VIF, URIOL;45.060630798339844;5.668560028076172;10740
USINENOR;VIF, L'USINE NORD;45.029998779296875;5.652810096740723;10741
VACA;GRENOBLE, VALLIER - DOCTEUR CALMETTE;45.18050003051758;5.711269855499268;10742
VALALLIE;CLAIX, VAL D'ALLIERES;45.10689926147461;5.665319919586182;10743
VALET;SAINT-MARTIN-D'URIAGE, LES VALETS;45.16748809814453;5.85807991027832;10744
VALEYBEN;EYBENS, VAL D'EYBENS;45.15904998779297;5.745580196380615;10745
VALLCATA;GRENOBLE, VALLIER - CATANE;45.18001937866211;5.705580234527588;10746
VALLIBE;GRENOBLE, VALLIER - LIBERATION;45.18013000488281;5.716080188751221;10747
VALMY;GRENOBLE, FLANDRIN - VALMY;45.187191009521484;5.744800090789795;10748
VARCESRE;VARCES-ALLIERES-ET-RISSET, REPUBLIQUE;45.08634948730469;5.682980060577393;10749
VASSIEUX;ECHIROLLES, VASSIEUX;45.143028259277344;5.700019836425781;10750
VAULBAS;VAULNAVEYS-LE-BAS, VAULNAVEYS-LE-BAS LE VILLAGE;45.105491638183594;5.800419807434082;10751
VAULHAUT;VAULNAVEYS-LE-HAUT, VAULNAVEYS-LE-HAUT LE VILLAGE;45.11933898925781;5.810989856719971;10752
VAX;BERNIN, LES VARVOUX;45.264041900634766;5.859149932861328;10753
VENARIA;VIZILLE, VENARIA;45.081871032714844;5.771629810333252;10754
VENCEECO;SAINT-EGREVE, VENCE ECOPARC;45.22772979736328;5.668459892272949;10755
VENONMAI;VENON, VENON MAIRIE;45.17164993286133;5.8048200607299805;10756
VERCORS;LA TRONCHE, VERCORS;45.20064926147461;5.751029968261719;10757
VERDERET;EYBENS, LE VERDERET;45.14693832397461;5.754280090332031;10758
VERDUN;GRENOBLE, VERDUN - PREFECTURE;45.18830108642578;5.73144006729126;10759
VERLAINE;GRENOBLE, VERLAINE;45.161930084228516;5.716129779815674;10760
VERNES;DOMENE, LES VERNES;45.207130432128906;5.833980083465576;10761
VERNET;JARRIE, LE VERNET CROIX;45.096168518066406;5.739779949188232;10762
VERT;CLAIX, VERT SAPIN;45.125579833984375;5.678440093994141;10763
VEUREYEG;VEUREY-VOROIZE, VEUREY EGLISE;45.27225112915039;5.615640163421631;10764
VEUREYMA;VEUREY-VOROIZE, VEUREY MAIRIE;45.272918701171875;5.613019943237305;10765
VEUREYRI;VEUREY-VOROIZE, LA RIVE;45.26980972290039;5.618249893188477;10766
VICTHUGO;GRENOBLE, VICTOR HUGO;45.18938064575195;5.724989891052246;10767
VIEUXDON;SASSENAGE, VIEUX DONJON;45.21138000488281;5.6497697830200195;10768
VIFGARE;VIF, VIF GARE;45.048240661621094;5.68572998046875;10769
VIFGEND;VIF, RIVALTA;45.053009033203125;5.676549911499023;10770
VIFMAIRI;VIF, VIF MAIRIE;45.05583953857422;5.668970108032227;10771
VIGNATE;GIERES, VIGNATE;45.189231872558594;5.778059959411621;10772
VIGNES;BRESSON, LES VIGNES;45.13808822631836;5.745739936828613;10773
VIGNY;GRENOBLE, VIGNY;45.16743850708008;5.723380088806152;10774
VILLAGE;ECHIROLLES, LE VILLAGE;45.14133071899414;5.720570087432861;10775
VILLOLYM;GRENOBLE, VILLAGE OLYMPIQUE;45.16410827636719;5.7240400314331055;10776
VISANCOU;SAINT-EGREVE, VISANCOURT;45.23316955566406;5.686059951782227;10777
VOHRIGEN;VIZILLE, PARC VOHRINGEN;45.078880310058594;5.76947021484375;10778
XAVJOUVI;GRENOBLE, XAVIER JOUVIN;45.19559860229492;5.730090141296387;10779
ZASPEYRE;VIF, Z.A. DES SPEYRES;45.05690002441406;5.681839942932129;10780
ZELLAMEL;SAINT-MARTIN-D'HERES, ZELLA MEHLIS;45.16706848144531;5.7535400390625;10781
ZILES;LE PONT-DE-CLAIX, ZI DES ILES;45.13853073120117;5.6944899559021;10782
