FROMNODE;TONODE;Dimanche_Scolaire;Dimanche_Vacances;Ferie;Jeudi_Scolaire;Lundi_Scolaire;Mardi_Scolaire;Mercredi_Scolaire;Samedi_Scolaire;Samedi_Vacances;Semaine_Vacances;Vendredi_Scolaire;NAME_x;LON_x;LAT_x;NAME_y;LON_y;LAT_y;ID
10001;10233.0;0;0;1;7;7;7;7;4;4;6;7;GARE S.N.C.F;5.2155623;46.198807;CARRE AMIOT;5.2279296;46.207542;0
10222;10233.0;0;0;2;6;6;6;6;4;4;6;6;AV BAD KREUZNACH;5.2429495;46.21463;CARRE AMIOT;5.2279296;46.207542;1
10001;10239.0;0;0;2;6;6;6;6;4;4;6;6;GARE S.N.C.F;5.2155623;46.198807;LABALME;5.2259946;46.1998;2
10002;10005.0;0;0;2;6;6;6;6;4;4;6;6;MAIRIE;5.3451653;46.382607;RD1083;5.3328676;46.364235;3
10007;10005.0;0;0;1;7;7;7;7;4;4;6;7;ECOLE;5.320702;46.345848;RD1083;5.3328676;46.364235;4
10002;10051.0;0;0;1;7;7;7;7;4;4;6;7;MAIRIE;5.3451653;46.382607;CARF RD77/RD1083;5.351449;46.41682;5
10122;10051.0;0;0;2;6;6;6;6;4;4;6;6;NANC ST AMOUR CARF RD3/RD1083;5.349342;46.423386;CARF RD77/RD1083;5.351449;46.41682;6
10003;10075.0;0;0;0;0;0;0;2;3;3;2;0;VILLAGE;5.994941;46.36723;ECOLE;5.972402;46.374878;7
10076;10075.0;0;0;0;0;0;0;2;2;2;2;0;COMBE DU LAC;5.986255;46.401543;ECOLE;5.972402;46.374878;8
10077;10075.0;0;0;0;2;2;2;0;0;0;0;2;VILLAGE;5.9677773;46.394436;ECOLE;5.972402;46.374878;9
10004;10222.0;0;0;2;6;6;6;6;4;4;6;6;VILLAGE;5.295291;46.28948;AV BAD KREUZNACH;5.2429495;46.21463;10
10004;10225.0;0;0;1;7;7;7;7;4;4;6;7;VILLAGE;5.295291;46.28948;MOULIN DES PONTS;5.314566;46.3322;11
10005;10002.0;0;0;1;7;7;7;7;4;4;6;7;RD1083;5.3328676;46.364235;MAIRIE;5.3451653;46.382607;12
10051;10002.0;0;0;2;6;6;6;6;4;4;6;6;CARF RD77/RD1083;5.351449;46.41682;MAIRIE;5.3451653;46.382607;13
10005;10007.0;0;0;2;6;6;6;6;4;4;6;6;RD1083;5.3328676;46.364235;ECOLE;5.320702;46.345848;14
10225;10007.0;0;0;1;7;7;7;7;4;4;6;7;MOULIN DES PONTS;5.314566;46.3322;ECOLE;5.320702;46.345848;15
10006;10004.0;0;0;2;6;6;6;6;4;4;6;6;CARFRD28/RD1083;5.3133264;46.32939;VILLAGE;5.295291;46.28948;16
10226;10004.0;0;0;1;7;7;7;7;4;4;6;7;ALIMENTEC TUB;5.243946;46.21531;VILLAGE;5.295291;46.28948;17
10007;10006.0;0;0;2;6;6;6;6;4;4;6;6;ECOLE;5.320702;46.345848;CARFRD28/RD1083;5.3133264;46.32939;18
10008;10039.0;0;0;0;0;0;0;1;0;0;2;0;ABRIBUS;5.932593;46.85263;PLACE PROST CHALET;5.9091396;46.746956;19
10062;10039.0;0;0;0;1;2;1;1;0;0;0;1;MAIRIE;5.8138304;46.751118;PLACE PROST CHALET;5.9091396;46.746956;20
10133;10039.0;0;0;0;2;2;2;1;0;0;0;2;PASQUIER (LE) MAIRIE;5.904871;46.800446;PLACE PROST CHALET;5.9091396;46.746956;21
10229;10039.0;0;0;0;1;1;1;1;0;0;0;1;MAIRIE;5.899922;46.87087;PLACE PROST CHALET;5.9091396;46.746956;22
10008;10202.0;0;0;0;2;2;2;1;0;0;0;2;ABRIBUS;5.932593;46.85263;MAIRIE;5.9159174;46.815342;23
10132;10202.0;0;0;0;1;1;1;1;0;0;0;1;PASQUIER (LE) ABRIBUS;5.904264;46.799183;MAIRIE;5.9159174;46.815342;24
10008;10229.0;0;0;0;3;3;3;3;0;0;2;3;ABRIBUS;5.932593;46.85263;MAIRIE;5.899922;46.87087;25
10033;10229.0;0;0;0;0;0;0;1;0;0;2;0;COTE BELETTES;5.886891;46.91681;MAIRIE;5.899922;46.87087;26
10147;10229.0;0;0;0;3;3;3;2;0;0;0;3;MOUTAINE;5.8926935;46.898342;MAIRIE;5.899922;46.87087;27
10009;10010.0;0;0;0;3;3;3;2;0;0;1;3;TOURISME;5.757661;46.91398;LA FOULE;5.772046;46.90458;28
10009;10197.0;0;0;0;1;1;1;1;0;0;1;1;TOURISME;5.757661;46.91398;CARF. RD 469;5.7022843;46.92231;29
10094;10197.0;0;0;0;3;3;3;2;0;0;1;3;MOLAMBOZ;5.677891;46.931664;CARF. RD 469;5.7022843;46.92231;30
10010;10009.0;0;0;0;1;1;1;1;0;0;1;1;LA FOULE;5.772046;46.90458;TOURISME;5.757661;46.91398;31
10197;10009.0;0;0;0;3;3;3;2;0;0;1;3;CARF. RD 469;5.7022843;46.92231;TOURISME;5.757661;46.91398;32
10011;10035.0;0;0;2;2;2;2;2;0;0;2;2;ASNANS CHEMIN DE LA CROZE;5.414164;46.94666;(LA) GRANDE RU;5.4424973;46.9261;33
10142;10035.0;0;0;2;3;3;3;2;0;0;2;3;CALVAIRE;5.4521728;46.918335;(LA) GRANDE RU;5.4424973;46.9261;34
10011;10047.0;0;0;2;3;3;3;2;0;0;2;3;ASNANS CHEMIN DE LA CROZE;5.414164;46.94666;FRAMBOISY;5.406316;46.958874;35
10045;10047.0;0;0;2;5;5;5;4;0;0;4;5;PLACE GARE;5.4150367;46.966805;FRAMBOISY;5.406316;46.958874;36
10082;10047.0;0;0;2;1;1;1;1;0;0;4;1;LONGWY EGLISE;5.372115;46.95822;FRAMBOISY;5.406316;46.958874;37
10083;10047.0;0;0;0;1;1;1;1;0;0;0;1;LONGWY HOTELANS RD13;5.360749;46.94889;FRAMBOISY;5.406316;46.958874;38
10012;10063.0;0;0;2;5;5;5;5;4;4;5;5;ROUTE DE BOIS LAURENT;5.4066553;46.555397;BIFURCATION DEVIATION;5.3962564;46.53978;39
10012;10095.0;0;0;1;6;6;6;6;3;3;5;6;ROUTE DE BOIS LAURENT;5.4066553;46.555397;CARF LE SORBIER;5.4167595;46.566044;40
10018;10095.0;0;0;2;5;5;5;5;4;4;5;5;PLACE/POSTE;5.4362173;46.57475;CARF LE SORBIER;5.4167595;46.566044;41
10013;10019.0;0;0;0;3;3;3;2;0;0;1;3;PLACE;5.582976;47.017235;RUE DU VAL D'AMOUR;5.594162;47.01555;42
10112;10019.0;0;0;0;0;0;0;0;0;0;1;0;MONT S/S VAUDREY CAR. GARE;5.597874;46.98252;RUE DU VAL D'AMOUR;5.594162;47.01555;43
10113;10019.0;0;0;0;1;1;1;1;0;0;0;1;MONT S/S VAUDREY EGLISE;5.602764;46.980595;RUE DU VAL D'AMOUR;5.594162;47.01555;44
10013;10091.0;0;0;0;1;1;1;1;0;0;1;1;PLACE;5.582976;47.017235;LOYE (LA) PLACE;5.5580373;47.02637;45
10065;10091.0;0;0;0;3;3;3;2;0;0;1;3;AVENUE DE LAHR;5.4956546;47.08937;LOYE (LA) PLACE;5.5580373;47.02637;46
10014;10107.0;0;0;0;2;2;2;2;0;0;1;2;RD905;5.632228;46.91064;RD905;5.6458125;46.89664;47
10196;10107.0;0;0;0;1;1;1;1;0;0;1;1;VILLAGE PARKING;5.683942;46.859955;RD905;5.6458125;46.89664;48
10014;10232.0;0;0;0;1;1;1;1;0;0;1;1;RD905;5.632228;46.91064;RTE  POLIGNY;5.6044445;46.97222;49
10113;10232.0;0;0;0;2;2;2;2;0;0;1;2;MONT S/S VAUDREY EGLISE;5.602764;46.980595;RTE  POLIGNY;5.6044445;46.97222;50
10015;10163.0;0;0;2;6;6;6;6;4;4;6;6;LE MONCEAU;5.354576;46.458332;ZI;5.334346;46.43775;51
10162;10163.0;0;0;1;7;7;7;7;4;4;6;7;HOTEL DE LA GARE;5.3352413;46.43474;ZI;5.334346;46.43775;52
10015;10215.0;0;0;1;6;6;6;6;3;3;5;6;LE MONCEAU;5.354576;46.458332;LE BOURG;5.3593626;46.46839;53
10163;10215.0;0;0;0;1;1;1;1;1;1;1;1;ZI;5.334346;46.43775;LE BOURG;5.3593626;46.46839;54
10016;10017.0;0;0;0;2;2;2;2;0;0;1;2;RUE DES TILLEULS;5.584609;46.984535;MAIRIE;5.58083;46.98112;55
10112;10017.0;0;0;0;1;1;1;1;0;0;1;1;MONT S/S VAUDREY CAR. GARE;5.597874;46.98252;MAIRIE;5.58083;46.98112;56
10016;10241.0;0;0;0;1;1;1;1;0;0;1;1;RUE DES TILLEULS;5.584609;46.984535;MIGAILLE;5.557543;46.992146;57
10017;10016.0;0;0;0;1;1;1;1;0;0;1;1;MAIRIE;5.58083;46.98112;RUE DES TILLEULS;5.584609;46.984535;58
10192;10016.0;0;0;0;2;2;2;2;0;0;1;2;RN 63;5.558586;46.991436;RUE DES TILLEULS;5.584609;46.984535;59
10017;10113.0;0;0;0;2;2;2;2;0;0;1;2;MAIRIE;5.58083;46.98112;MONT S/S VAUDREY EGLISE;5.602764;46.980595;60
10198;10113.0;0;0;0;1;1;1;1;0;0;0;1;EGLISE;5.621882;46.98029;MONT S/S VAUDREY EGLISE;5.602764;46.980595;61
10018;10088.0;0;0;0;1;1;1;1;1;1;1;1;PLACE/POSTE;5.4362173;46.57475;LONS GARE SNCF;5.5524235;46.66883;62
10053;10088.0;0;0;0;1;1;1;1;0;0;1;1;CLAIRVAUX MAIRIE;5.750546;46.576077;LONS GARE SNCF;5.5524235;46.66883;63
10058;10088.0;0;0;0;1;2;1;1;1;1;1;1;VILLAGE;5.59837;46.65459;LONS GARE SNCF;5.5524235;46.66883;64
10084;10088.0;0;0;5;6;8;6;6;6;6;6;6;LONS AVENUE JEAN MOULIN;5.558232;46.673122;LONS GARE SNCF;5.5524235;46.66883;65
10085;10088.0;0;0;2;4;4;4;2;0;0;2;4;LONS AVENUE DE LA MARSEILLAISE;5.5554934;46.6725;LONS GARE SNCF;5.5524235;46.66883;66
10086;10088.0;0;0;2;6;6;6;6;4;4;6;6;LONS AVENUE THUREL;5.553163;46.67277;LONS GARE SNCF;5.5524235;46.66883;67
10089;10088.0;0;0;1;7;7;7;7;3;3;5;7;LONS LYCEE MONTCIEL;5.5416427;46.672802;LONS GARE SNCF;5.5524235;46.66883;68
10110;10088.0;0;0;2;1;1;1;1;0;0;2;1;GRAND SUGNY;5.506111;46.686363;LONS GARE SNCF;5.5524235;46.66883;69
10135;10088.0;0;0;0;1;1;1;1;0;0;1;3;CONDAMINE;5.5743027;46.669216;LONS GARE SNCF;5.5524235;46.66883;70
10136;10088.0;0;0;0;5;5;5;4;2;2;3;5;CENTRE COMMERCIAL;5.575827;46.67016;LONS GARE SNCF;5.5524235;46.66883;71
10186;10088.0;2;2;2;5;5;5;5;2;2;5;6;POSTE;5.565303;46.827465;LONS GARE SNCF;5.5524235;46.66883;72
10228;10088.0;0;0;0;1;1;1;1;1;1;1;1;PLACE DE VERDUN;5.5594416;46.67388;LONS GARE SNCF;5.5524235;46.66883;73
10243;10088.0;0;0;0;0;0;0;1;1;1;0;1;FAC DES SCIENCES;5.064015;47.31494;LONS GARE SNCF;5.5524235;46.66883;74
10018;10127.0;0;0;1;5;5;5;5;3;3;5;5;PLACE/POSTE;5.4362173;46.57475;RD1083;5.442894;46.582058;75
10201;10127.0;0;0;2;5;5;5;5;4;4;5;5;RD1083;5.4543915;46.594078;RD1083;5.442894;46.582058;76
10018;10230.0;0;0;0;1;1;1;1;0;0;1;1;PLACE/POSTE;5.4362173;46.57475;CHAMP DE FOIRE;5.3865986;46.494083;77
10212;10230.0;0;0;1;5;5;5;5;3;3;5;5;GOZ;5.367117;46.48121;CHAMP DE FOIRE;5.3865986;46.494083;78
10213;10230.0;0;0;0;1;1;1;1;0;0;0;1;COLLEGE;5.3894434;46.498825;CHAMP DE FOIRE;5.3865986;46.494083;79
10217;10230.0;0;0;2;4;4;4;4;4;4;5;4;BRETELLE RD1083;5.388059;46.516624;CHAMP DE FOIRE;5.3865986;46.494083;80
10019;10013.0;0;0;0;1;1;1;1;0;0;1;1;RUE DU VAL D'AMOUR;5.594162;47.01555;PLACE;5.582976;47.017235;81
10091;10013.0;0;0;0;3;3;3;2;0;0;1;3;LOYE (LA) PLACE;5.5580373;47.02637;PLACE;5.582976;47.017235;82
10019;10198.0;0;0;0;2;2;2;1;0;0;1;2;RUE DU VAL D'AMOUR;5.594162;47.01555;EGLISE;5.621882;46.98029;83
10129;10198.0;0;0;0;1;1;1;1;0;0;0;1;EGLISE;5.666316;46.99471;EGLISE;5.621882;46.98029;84
10199;10198.0;0;0;0;1;1;1;1;0;0;1;1;PONT;5.6196113;46.976936;EGLISE;5.621882;46.98029;85
10019;10203.0;0;0;0;1;1;1;1;0;0;0;1;RUE DU VAL D'AMOUR;5.594162;47.01555;VIEILLE LOYE (LA) MAIRIE;5.632191;47.04163;86
10020;10021.0;0;0;0;1;1;1;1;0;0;0;1;CHAMP DE FOIRE;5.456859;46.746128;COLLEGE;5.457362;46.7436;87
10208;10021.0;0;0;0;1;1;1;0;0;0;0;1;EGLISE;5.46436;46.736908;COLLEGE;5.457362;46.7436;88
10020;10150.0;0;0;2;4;4;4;2;0;0;2;4;CHAMP DE FOIRE;5.456859;46.746128;SALLE DES FETES;5.4478626;46.76204;89
10057;10150.0;0;0;2;3;3;3;3;0;0;2;3;LE VILLARNIER;5.446973;46.78739;SALLE DES FETES;5.4478626;46.76204;90
10020;10208.0;0;0;2;2;2;2;2;0;0;2;2;CHAMP DE FOIRE;5.456859;46.746128;EGLISE;5.46436;46.736908;91
10021;10208.0;0;0;0;1;1;1;1;0;0;0;1;COLLEGE;5.457362;46.7436;EGLISE;5.46436;46.736908;92
10078;10208.0;0;0;2;4;4;4;2;0;0;2;4;RUE DE LA GARE;5.4734416;46.71697;EGLISE;5.46436;46.736908;93
10021;10020.0;0;0;0;1;1;1;0;0;0;0;1;COLLEGE;5.457362;46.7436;CHAMP DE FOIRE;5.456859;46.746128;94
10150;10020.0;0;0;2;3;3;3;3;0;0;2;3;SALLE DES FETES;5.4478626;46.76204;CHAMP DE FOIRE;5.456859;46.746128;95
10208;10020.0;0;0;2;3;3;3;2;0;0;2;3;EGLISE;5.46436;46.736908;CHAMP DE FOIRE;5.456859;46.746128;96
10022;10030.0;0;0;1;2;2;2;2;1;1;1;2;FRONTIERE;6.1554627;46.545956;3593 RUE FRANCHE-COM;6.151112;46.54272;97
10028;10030.0;0;0;1;3;3;3;3;1;1;1;3;SKI VANDEL;6.145832;46.538883;3593 RUE FRANCHE-COM;6.151112;46.54272;98
10022;10236.0;0;0;1;1;1;1;3;1;1;0;1;FRONTIERE;6.1554627;46.545956;2982 RUE DU VIVIER;6.1059093;46.519302;99
10030;10236.0;0;0;0;1;1;1;0;0;0;0;1;3593 RUE FRANCHE-COM;6.151112;46.54272;2982 RUE DU VIVIER;6.1059093;46.519302;100
10023;10029.0;0;0;1;3;3;3;2;1;1;1;3;L'AUVERGNE;6.124892;46.52236;1132 RUE FRANCHE-COM;6.128807;46.525642;101
10026;10029.0;0;0;1;2;2;2;2;1;1;1;2;MEUNIERS;6.1332903;46.52917;1132 RUE FRANCHE-COM;6.128807;46.525642;102
10023;10156.0;0;0;1;2;2;2;2;1;1;1;2;L'AUVERGNE;6.124892;46.52236;ROUSSES (LES) LE GRAVIER VANDELLE;6.1040297;46.50471;103
10158;10156.0;0;0;1;3;3;3;3;1;1;1;3;ROUSSES (LES) LE NOIRMONT;6.0929914;46.4922;ROUSSES (LES) LE GRAVIER VANDELLE;6.1040297;46.50471;104
10023;10219.0;0;0;0;0;0;0;1;0;0;0;0;L'AUVERGNE;6.124892;46.52236;1232 RUE DU VIVIER;6.124508;46.531082;105
10024;10027.0;0;0;0;1;1;1;1;1;1;0;1;LE RENOUVEAU;6.1381745;46.539577;SALLE POLYVALENTE;6.1372476;46.537598;106
10026;10027.0;0;0;1;3;3;3;3;1;1;1;3;MEUNIERS;6.1332903;46.52917;SALLE POLYVALENTE;6.1372476;46.537598;107
10028;10027.0;0;0;1;1;1;1;1;0;0;1;1;SKI VANDEL;6.145832;46.538883;SALLE POLYVALENTE;6.1372476;46.537598;108
10024;10028.0;0;0;1;2;2;2;2;1;1;1;2;LE RENOUVEAU;6.1381745;46.539577;SKI VANDEL;6.145832;46.538883;109
10027;10028.0;0;0;0;1;1;1;1;0;0;0;1;SALLE POLYVALENTE;6.1372476;46.537598;SKI VANDEL;6.145832;46.538883;110
10030;10028.0;0;0;1;2;2;2;2;1;1;1;2;3593 RUE FRANCHE-COM;6.151112;46.54272;SKI VANDEL;6.145832;46.538883;111
10025;10026.0;0;0;1;0;0;0;2;1;1;0;0;LE VIVIER;6.1099668;46.52239;MEUNIERS;6.1332903;46.52917;112
10027;10026.0;0;0;1;2;2;2;2;1;1;1;2;SALLE POLYVALENTE;6.1372476;46.537598;MEUNIERS;6.1332903;46.52917;113
10029;10026.0;0;0;0;3;3;3;1;0;0;1;3;1132 RUE FRANCHE-COM;6.128807;46.525642;MEUNIERS;6.1332903;46.52917;114
10027;10024.0;0;0;1;2;2;2;2;1;1;1;2;SALLE POLYVALENTE;6.1372476;46.537598;LE RENOUVEAU;6.1381745;46.539577;115
10028;10024.0;0;0;0;1;1;1;1;1;1;0;1;SKI VANDEL;6.145832;46.538883;LE RENOUVEAU;6.1381745;46.539577;116
10029;10023.0;0;0;1;2;2;2;2;1;1;1;2;1132 RUE FRANCHE-COM;6.128807;46.525642;L'AUVERGNE;6.124892;46.52236;117
10156;10023.0;0;0;1;3;3;3;3;1;1;1;3;ROUSSES (LES) LE GRAVIER VANDELLE;6.1040297;46.50471;L'AUVERGNE;6.124892;46.52236;118
10029;10025.0;0;0;1;0;0;0;1;1;1;0;0;1132 RUE FRANCHE-COM;6.128807;46.525642;LE VIVIER;6.1099668;46.52239;119
10219;10025.0;0;0;0;0;0;0;1;0;0;0;0;1232 RUE DU VIVIER;6.124508;46.531082;LE VIVIER;6.1099668;46.52239;120
10030;10022.0;0;0;1;2;2;2;3;1;1;1;2;3593 RUE FRANCHE-COM;6.151112;46.54272;FRONTIERE;6.1554627;46.545956;121
10236;10022.0;0;0;0;1;1;1;1;1;1;0;1;2982 RUE DU VIVIER;6.1059093;46.519302;FRONTIERE;6.1554627;46.545956;122
10031;10052.0;0;0;0;1;2;1;2;1;1;1;2;CARREFOUR RD678;5.7301617;46.589153;CLAIRVAUX GENDARMERIE;5.747232;46.581055;123
10053;10052.0;0;0;0;2;3;2;2;1;1;2;3;CLAIRVAUX MAIRIE;5.750546;46.576077;CLAIRVAUX GENDARMERIE;5.747232;46.581055;124
10031;10134.0;0;0;0;2;3;2;2;1;1;2;3;CARREFOUR RD678;5.7301617;46.589153;RD678;5.704442;46.58666;125
10146;10134.0;0;0;0;1;2;1;2;1;1;1;2;PLACE;5.698253;46.58542;RD678;5.704442;46.58666;126
10032;10049.0;0;0;0;1;2;1;1;1;1;1;2;VILLAGE;5.8540807;46.600483;CHAUX DU DOMBIEF (LA) RD678;5.9033675;46.604916;127
10178;10049.0;0;0;0;1;2;1;1;1;1;1;2;RD678;5.929144;46.58016;CHAUX DU DOMBIEF (LA) RD678;5.9033675;46.604916;128
10032;10054.0;0;0;0;1;2;1;1;1;1;1;2;VILLAGE;5.8540807;46.600483;PLACE;5.7583323;46.581104;129
10053;10054.0;0;0;0;1;2;1;1;1;1;1;2;CLAIRVAUX MAIRIE;5.750546;46.576077;PLACE;5.7583323;46.581104;130
10032;10174.0;0;0;0;0;0;0;1;0;0;0;0;VILLAGE;5.8540807;46.600483;SAINT LAURENT EN GDX GARE SNCF;5.951636;46.57491;131
10053;10174.0;0;0;1;1;1;1;0;0;0;1;1;CLAIRVAUX MAIRIE;5.750546;46.576077;SAINT LAURENT EN GDX GARE SNCF;5.951636;46.57491;132
10175;10174.0;0;0;0;2;3;2;2;1;1;2;3;SAINT LAURENT EN GDX VILLE;5.955703;46.57613;SAINT LAURENT EN GDX GARE SNCF;5.951636;46.57491;133
10178;10174.0;0;0;0;1;2;1;1;1;1;1;2;RD678;5.929144;46.58016;SAINT LAURENT EN GDX GARE SNCF;5.951636;46.57491;134
10033;10050.0;0;0;0;3;3;3;2;0;0;0;3;COTE BELETTES;5.886891;46.91681;VAL D'HERY;5.890339;46.901413;135
10147;10050.0;0;0;0;3;3;3;2;0;0;0;3;MOUTAINE;5.8926935;46.898342;VAL D'HERY;5.890339;46.901413;136
10033;10179.0;0;0;0;3;3;3;2;0;0;0;3;COTE BELETTES;5.886891;46.91681;LES PRAILLES;5.88629;46.92121;137
10180;10179.0;0;0;0;2;2;2;0;0;0;0;2;CASINO;5.877439;46.93821;LES PRAILLES;5.88629;46.92121;138
10185;10179.0;0;0;0;1;1;1;2;0;0;0;1;PLACE STE MARIE;5.886987;46.9291;LES PRAILLES;5.88629;46.92121;139
10033;10185.0;0;0;0;0;0;0;1;0;0;2;0;COTE BELETTES;5.886891;46.91681;PLACE STE MARIE;5.886987;46.9291;140
10179;10185.0;0;0;0;3;3;3;2;0;0;0;3;LES PRAILLES;5.88629;46.92121;PLACE STE MARIE;5.886987;46.9291;141
10184;10185.0;0;0;0;1;1;1;3;0;0;2;1;PLACE AUBAREDE;5.8785586;46.932926;PLACE STE MARIE;5.886987;46.9291;142
10034;10074.0;0;0;1;5;5;5;5;3;3;5;5;RD1083;5.488455;46.625732;CFA;5.5018983;46.642166;143
10098;10074.0;0;0;2;5;5;5;5;4;4;5;5;MESSIA/SORNE Z.I.;5.51754;46.659897;CFA;5.5018983;46.642166;144
10200;10074.0;0;0;0;1;1;1;1;0;0;0;1;PAISIA PASS NIVEAU;5.4594746;46.59858;CFA;5.5018983;46.642166;145
10034;10161.0;0;0;2;5;5;5;5;4;4;5;5;RD1083;5.488455;46.625732;RD1083;5.4734783;46.609947;146
10209;10161.0;0;0;1;5;5;5;5;3;3;5;5;VINCELLES ROUTE DE BONNAUD;5.466851;46.60456;RD1083;5.4734783;46.609947;147
10035;10011.0;0;0;2;3;3;3;2;0;0;2;3;(LA) GRANDE RU;5.4424973;46.9261;ASNANS CHEMIN DE LA CROZE;5.414164;46.94666;148
10047;10011.0;0;0;2;2;2;2;2;0;0;2;2;FRAMBOISY;5.406316;46.958874;ASNANS CHEMIN DE LA CROZE;5.414164;46.94666;149
10035;10142.0;0;0;2;2;2;2;2;0;0;2;2;(LA) GRANDE RU;5.4424973;46.9261;CALVAIRE;5.4521728;46.918335;150
10072;10142.0;0;0;2;3;3;3;2;0;0;2;3;ESSARDS TAIGNEVAUX (LES) MAIRIE;5.418761;46.911053;CALVAIRE;5.4521728;46.918335;151
10036;10038.0;0;0;0;2;3;2;1;0;0;0;2;COLLEGE LOUATAUX;5.926755;46.73296;LYCEE P. E. VICTOR;5.922821;46.74356;152
10039;10038.0;0;0;0;6;6;6;5;0;0;0;6;PLACE PROST CHALET;5.9091396;46.746956;LYCEE P. E. VICTOR;5.922821;46.74356;153
10037;10062.0;0;0;0;3;3;3;3;2;2;3;3;GARE S.N.C.F.;5.909997;46.748882;MAIRIE;5.8138304;46.751118;154
10040;10062.0;0;0;0;2;2;2;1;0;0;0;2;OPPIDUM;5.9105763;46.74709;MAIRIE;5.8138304;46.751118;155
10061;10062.0;0;0;0;0;1;0;0;0;0;0;0;CRANCOT VILLAGE;5.660274;46.68777;MAIRIE;5.8138304;46.751118;156
10148;10062.0;0;0;0;5;5;5;3;2;2;3;5;ANC.PONT SNCF;5.7773438;46.72431;MAIRIE;5.8138304;46.751118;157
10038;10008.0;0;0;0;1;1;1;1;0;0;0;1;LYCEE P. E. VICTOR;5.922821;46.74356;ABRIBUS;5.932593;46.85263;158
10039;10008.0;0;0;0;0;0;0;0;0;0;2;0;PLACE PROST CHALET;5.9091396;46.746956;ABRIBUS;5.932593;46.85263;159
10040;10008.0;0;0;0;1;1;1;1;0;0;0;1;OPPIDUM;5.9105763;46.74709;ABRIBUS;5.932593;46.85263;160
10202;10008.0;0;0;0;1;1;1;1;0;0;0;1;MAIRIE;5.9159174;46.815342;ABRIBUS;5.932593;46.85263;161
10229;10008.0;0;0;0;2;2;2;2;0;0;2;2;MAIRIE;5.899922;46.87087;ABRIBUS;5.932593;46.85263;162
10038;10037.0;0;0;0;1;1;1;1;0;0;0;1;LYCEE P. E. VICTOR;5.922821;46.74356;GARE S.N.C.F.;5.909997;46.748882;163
10062;10037.0;0;0;0;4;4;4;2;2;2;3;4;MAIRIE;5.8138304;46.751118;GARE S.N.C.F.;5.909997;46.748882;164
10038;10040.0;0;0;0;3;3;3;2;0;0;0;3;LYCEE P. E. VICTOR;5.922821;46.74356;OPPIDUM;5.9105763;46.74709;165
10038;10132.0;0;0;0;1;1;1;1;0;0;0;1;LYCEE P. E. VICTOR;5.922821;46.74356;PASQUIER (LE) ABRIBUS;5.904264;46.799183;166
10039;10036.0;0;0;0;0;1;0;0;0;0;0;0;PLACE PROST CHALET;5.9091396;46.746956;COLLEGE LOUATAUX;5.926755;46.73296;167
10041;10231.0;0;0;0;1;1;1;1;0;0;0;1;ECOLE;5.377551;46.802425;RD33/D1;5.461248;46.82761;168
10044;10231.0;0;0;2;3;3;3;3;0;0;2;3;ECOLE;5.4783463;46.846664;RD33/D1;5.461248;46.82761;169
10056;10231.0;0;0;2;3;3;3;1;0;0;2;3;RUE DES COMBES;5.451626;46.80262;RD33/D1;5.461248;46.82761;170
10042;10099.0;0;0;1;3;4;3;3;3;3;3;4;MAIRIE;5.7133946;46.465836;MAIRIE ECOLE;5.7266183;46.498833;171
10060;10099.0;0;0;4;4;6;4;2;3;3;3;4;ABRIBUS;5.7045813;46.510284;MAIRIE ECOLE;5.7266183;46.498833;172
10042;10101.0;0;0;0;0;1;0;0;0;0;0;0;MAIRIE;5.7133946;46.465836;CITE SCOLAIRE;5.7226353;46.436253;173
10042;10106.0;0;0;4;4;5;4;2;3;3;3;4;MAIRIE;5.7133946;46.465836;MOIRANS-MGNE - FRANCHE COMTE;5.722672;46.43828;174
10043;10044.0;0;0;2;2;2;2;2;0;0;2;2;CHASSAGNE (LA) RD468;5.450189;46.86356;ECOLE;5.4783463;46.846664;175
10231;10044.0;0;0;2;4;4;4;2;0;0;2;4;RD33/D1;5.461248;46.82761;ECOLE;5.4783463;46.846664;176
10043;10160.0;0;0;2;3;3;3;2;0;0;2;3;CHASSAGNE (LA) RD468;5.450189;46.86356;PLACE DE LA MAIRIE;5.4299192;46.87122;177
10072;10160.0;0;0;2;2;2;2;2;0;0;2;2;ESSARDS TAIGNEVAUX (LES) MAIRIE;5.418761;46.911053;PLACE DE LA MAIRIE;5.4299192;46.87122;178
10044;10043.0;0;0;2;3;3;3;2;0;0;2;3;ECOLE;5.4783463;46.846664;CHASSAGNE (LA) RD468;5.450189;46.86356;179
10160;10043.0;0;0;2;2;2;2;2;0;0;2;2;PLACE DE LA MAIRIE;5.4299192;46.87122;CHASSAGNE (LA) RD468;5.450189;46.86356;180
10045;10046.0;0;0;4;5;5;5;4;0;0;6;5;PLACE GARE;5.4150367;46.966805;GENDARMERIE;5.4078403;46.968456;181
10048;10046.0;0;0;0;3;3;3;2;0;0;2;3;LA VILLENEUVE;5.400219;46.970413;GENDARMERIE;5.4078403;46.968456;182
10046;10045.0;0;0;2;5;5;5;4;0;0;4;5;GENDARMERIE;5.4078403;46.968456;PLACE GARE;5.4150367;46.966805;183
10047;10045.0;0;0;4;5;5;5;4;0;0;6;5;FRAMBOISY;5.406316;46.958874;PLACE GARE;5.4150367;46.966805;184
10046;10048.0;0;0;2;2;2;2;2;0;0;4;2;GENDARMERIE;5.4078403;46.968456;LA VILLENEUVE;5.400219;46.970413;185
10067;10048.0;0;0;0;1;1;1;0;0;0;0;1;GARE ROUTIERE;5.4903283;47.096474;LA VILLENEUVE;5.400219;46.970413;186
10069;10048.0;0;0;0;2;2;2;2;0;0;2;2;DUHAMEL;5.4731145;47.08182;LA VILLENEUVE;5.400219;46.970413;187
10047;10082.0;0;0;0;3;3;3;2;0;0;2;3;FRAMBOISY;5.406316;46.958874;LONGWY EGLISE;5.372115;46.95822;188
10083;10082.0;0;0;2;1;1;1;1;0;0;4;1;LONGWY HOTELANS RD13;5.360749;46.94889;LONGWY EGLISE;5.372115;46.95822;189
10140;10082.0;0;0;0;1;1;1;1;0;0;0;1;LAVIGNE;5.3288646;46.939747;LONGWY EGLISE;5.372115;46.95822;190
10048;10067.0;0;0;0;1;1;1;1;0;0;0;1;LA VILLENEUVE;5.400219;46.970413;GARE ROUTIERE;5.4903283;47.096474;191
10065;10067.0;0;0;0;1;1;1;1;0;0;1;1;AVENUE DE LAHR;5.4956546;47.08937;GARE ROUTIERE;5.4903283;47.096474;192
10068;10067.0;0;0;0;1;1;1;1;0;0;1;1;LE PORT-STADE;5.496833;47.09015;GARE ROUTIERE;5.4903283;47.096474;193
10069;10067.0;0;0;2;2;2;2;2;0;0;4;2;DUHAMEL;5.4731145;47.08182;GARE ROUTIERE;5.4903283;47.096474;194
10070;10067.0;0;0;0;1;1;1;1;0;0;0;1;THEATRE;5.4881864;47.091335;GARE ROUTIERE;5.4903283;47.096474;195
10223;10067.0;2;2;4;7;7;7;7;3;3;7;7;RD 905 / PHARMACIE;5.494643;47.023457;GARE ROUTIERE;5.4903283;47.096474;196
10048;10069.0;0;0;2;1;1;1;1;0;0;4;1;LA VILLENEUVE;5.400219;46.970413;DUHAMEL;5.4731145;47.08182;197
10066;10069.0;0;0;0;2;2;2;2;0;0;0;2;CES BASTIE;5.470769;47.083622;DUHAMEL;5.4731145;47.08182;198
10067;10069.0;0;0;0;2;2;2;2;0;0;2;2;GARE ROUTIERE;5.4903283;47.096474;DUHAMEL;5.4731145;47.08182;199
10049;10032.0;0;0;0;1;2;1;1;1;1;1;2;CHAUX DU DOMBIEF (LA) RD678;5.9033675;46.604916;VILLAGE;5.8540807;46.600483;200
10053;10032.0;0;0;0;0;0;0;1;0;0;0;0;CLAIRVAUX MAIRIE;5.750546;46.576077;VILLAGE;5.8540807;46.600483;201
10054;10032.0;0;0;0;1;2;1;1;1;1;1;2;PLACE;5.7583323;46.581104;VILLAGE;5.8540807;46.600483;202
10049;10178.0;0;0;0;1;2;1;1;1;1;1;2;CHAUX DU DOMBIEF (LA) RD678;5.9033675;46.604916;RD678;5.929144;46.58016;203
10174;10178.0;0;0;0;1;2;1;1;1;1;1;2;SAINT LAURENT EN GDX GARE SNCF;5.951636;46.57491;RD678;5.929144;46.58016;204
10050;10033.0;0;0;0;3;3;3;2;0;0;0;3;VAL D'HERY;5.890339;46.901413;COTE BELETTES;5.886891;46.91681;205
10179;10033.0;0;0;0;3;3;3;2;0;0;0;3;LES PRAILLES;5.88629;46.92121;COTE BELETTES;5.886891;46.91681;206
10185;10033.0;0;0;0;0;0;0;1;0;0;2;0;PLACE STE MARIE;5.886987;46.9291;COTE BELETTES;5.886891;46.91681;207
10229;10033.0;0;0;0;0;0;0;1;0;0;2;0;MAIRIE;5.899922;46.87087;COTE BELETTES;5.886891;46.91681;208
10050;10147.0;0;0;0;3;3;3;2;0;0;0;3;VAL D'HERY;5.890339;46.901413;MOUTAINE;5.8926935;46.898342;209
10229;10147.0;0;0;0;3;3;3;2;0;0;0;3;MAIRIE;5.899922;46.87087;MOUTAINE;5.8926935;46.898342;210
10051;10122.0;0;0;1;7;7;7;7;4;4;6;7;CARF RD77/RD1083;5.351449;46.41682;NANC ST AMOUR CARF RD3/RD1083;5.349342;46.423386;211
10224;10122.0;0;0;2;6;6;6;6;4;4;6;6;GENDARMERIE;5.343398;46.437473;NANC ST AMOUR CARF RD3/RD1083;5.349342;46.423386;212
10052;10031.0;0;0;0;2;3;2;2;1;1;2;3;CLAIRVAUX GENDARMERIE;5.747232;46.581055;CARREFOUR RD678;5.7301617;46.589153;213
10134;10031.0;0;0;0;1;2;1;2;1;1;1;2;RD678;5.704442;46.58666;CARREFOUR RD678;5.7301617;46.589153;214
10052;10053.0;0;0;0;1;2;1;2;1;1;1;2;CLAIRVAUX GENDARMERIE;5.747232;46.581055;CLAIRVAUX MAIRIE;5.750546;46.576077;215
10054;10053.0;0;0;0;1;2;1;1;1;1;1;2;PLACE;5.7583323;46.581104;CLAIRVAUX MAIRIE;5.750546;46.576077;216
10088;10053.0;0;0;1;1;1;1;0;0;0;1;1;LONS GARE SNCF;5.5524235;46.66883;CLAIRVAUX MAIRIE;5.750546;46.576077;217
10174;10053.0;0;0;0;1;1;1;1;0;0;1;1;SAINT LAURENT EN GDX GARE SNCF;5.951636;46.57491;CLAIRVAUX MAIRIE;5.750546;46.576077;218
10055;10056.0;0;0;2;3;3;3;3;0;0;2;3;CAR. DE LA POTIERE;5.453578;46.81853;RUE DES COMBES;5.451626;46.80262;219
10150;10056.0;0;0;2;4;4;4;2;0;0;2;4;SALLE DES FETES;5.4478626;46.76204;RUE DES COMBES;5.451626;46.80262;220
10056;10041.0;0;0;0;1;1;1;1;0;0;0;1;RUE DES COMBES;5.451626;46.80262;ECOLE;5.377551;46.802425;221
10056;10057.0;0;0;2;3;3;3;3;0;0;2;3;RUE DES COMBES;5.451626;46.80262;LE VILLARNIER;5.446973;46.78739;222
10058;10135.0;0;0;0;1;1;1;1;0;0;1;2;VILLAGE;5.59837;46.65459;CONDAMINE;5.5743027;46.669216;223
10088;10135.0;0;0;4;4;7;4;3;4;4;4;4;LONS GARE SNCF;5.5524235;46.66883;CONDAMINE;5.5743027;46.669216;224
10137;10135.0;0;0;1;3;4;3;3;3;3;3;4;SCIERIE;5.581287;46.665836;CONDAMINE;5.5743027;46.669216;225
10058;10151.0;0;0;0;1;2;1;2;1;1;1;2;VILLAGE;5.59837;46.65459;VILLAGE;5.605158;46.63521;226
10126;10151.0;0;0;0;2;3;2;2;1;1;2;3;SALLE DES FETES;5.643512;46.598293;VILLAGE;5.605158;46.63521;227
10059;10217.0;0;0;2;5;5;5;5;4;4;5;5;LA GRENETTE;5.391972;46.53293;BRETELLE RD1083;5.388059;46.516624;228
10059;10227.0;0;0;1;5;5;5;5;3;3;5;5;LA GRENETTE;5.391972;46.53293;BRETELLE RD1083;5.398222;46.53967;229
10060;10194.0;0;0;1;3;4;3;3;3;1;1;4;ABRIBUS;5.7045813;46.510284;TOUR DU MEIX (LA) ECOLE-MAIRIE;5.661147;46.526665;230
10235;10194.0;0;0;0;0;0;0;0;0;2;2;0;TOUR-DU-MEIX (LA) - SURCHAUFFANT;5.6712313;46.5197;TOUR DU MEIX (LA) ECOLE-MAIRIE;5.661147;46.526665;231
10060;10235.0;0;0;0;0;0;0;0;0;2;2;0;ABRIBUS;5.7045813;46.510284;TOUR-DU-MEIX (LA) - SURCHAUFFANT;5.6712313;46.5197;232
10195;10235.0;0;0;3;0;0;0;0;0;3;3;0;TOUR DU MEIX (LA) RD470;5.6567745;46.52668;TOUR-DU-MEIX (LA) - SURCHAUFFANT;5.6712313;46.5197;233
10061;10100.0;0;0;0;5;5;5;3;2;2;3;5;CRANCOT VILLAGE;5.660274;46.68777;VILLAGE;5.7266626;46.69638;234
10148;10100.0;0;0;0;5;5;5;4;2;2;3;5;ANC.PONT SNCF;5.7773438;46.72431;VILLAGE;5.7266626;46.69638;235
10061;10131.0;0;0;0;4;4;4;3;2;2;3;4;CRANCOT VILLAGE;5.660274;46.68777;RD471;5.5994487;46.69602;236
10061;10136.0;0;0;0;1;1;1;1;0;0;0;1;CRANCOT VILLAGE;5.660274;46.68777;CENTRE COMMERCIAL;5.575827;46.67016;237
10088;10136.0;0;0;0;5;5;5;3;2;2;3;5;LONS GARE SNCF;5.5524235;46.66883;CENTRE COMMERCIAL;5.575827;46.67016;238
10131;10136.0;0;0;0;4;4;4;3;2;2;3;4;RD471;5.5994487;46.69602;CENTRE COMMERCIAL;5.575827;46.67016;239
10062;10148.0;0;0;0;5;5;5;4;2;2;3;5;MAIRIE;5.8138304;46.751118;ANC.PONT SNCF;5.7773438;46.72431;240
10100;10148.0;0;0;0;5;5;5;3;2;2;3;5;VILLAGE;5.7266626;46.69638;ANC.PONT SNCF;5.7773438;46.72431;241
10063;10059.0;0;0;2;5;5;5;5;4;4;5;5;BIFURCATION DEVIATION;5.3962564;46.53978;LA GRENETTE;5.391972;46.53293;242
10218;10059.0;0;0;1;5;5;5;5;3;3;5;5;GARAGE;5.389505;46.51714;LA GRENETTE;5.391972;46.53293;243
10064;10221.0;2;2;2;5;5;5;5;2;2;5;6;DESCHAUX (LE) SALLE DES FETES;5.502164;46.950115;RD 475;5.515668;46.92238;244
10186;10221.0;2;2;4;7;7;7;7;3;3;7;7;POSTE;5.565303;46.827465;RD 475;5.515668;46.92238;245
10064;10223.0;2;2;4;7;7;7;7;3;3;7;7;DESCHAUX (LE) SALLE DES FETES;5.502164;46.950115;RD 905 / PHARMACIE;5.494643;47.023457;246
10067;10223.0;2;2;2;5;5;5;5;2;2;5;6;GARE ROUTIERE;5.4903283;47.096474;RD 905 / PHARMACIE;5.494643;47.023457;247
10065;10125.0;0;0;0;2;2;2;2;0;0;1;2;AVENUE DE LAHR;5.4956546;47.08937;PLACE BASCULE;5.5202484;47.002037;248
10193;10125.0;0;0;0;1;1;1;1;0;0;1;1;POSTE;5.5507483;46.99435;PLACE BASCULE;5.5202484;47.002037;249
10067;10065.0;0;0;0;5;5;5;4;0;0;2;5;GARE ROUTIERE;5.4903283;47.096474;AVENUE DE LAHR;5.4956546;47.08937;250
10125;10065.0;0;0;0;1;1;1;1;0;0;1;1;PLACE BASCULE;5.5202484;47.002037;AVENUE DE LAHR;5.4956546;47.08937;251
10067;10066.0;0;0;0;2;2;2;2;0;0;0;2;GARE ROUTIERE;5.4903283;47.096474;CES BASTIE;5.470769;47.083622;252
10069;10070.0;0;0;0;1;1;1;1;0;0;0;1;DUHAMEL;5.4731145;47.08182;THEATRE;5.4881864;47.091335;253
10071;10092.0;0;0;1;2;3;2;3;3;3;3;3;DOMPIERRE/MONT PLACE EGLISE;5.610466;46.55976;RD470;5.6287026;46.579826;254
10143;10092.0;0;0;4;4;6;4;2;3;3;3;4;VILLAGE;5.629531;46.595695;RD470;5.6287026;46.579826;255
10071;10093.0;0;0;0;1;1;1;0;0;0;0;1;DOMPIERRE/MONT PLACE EGLISE;5.610466;46.55976;VILLAGE;5.639519;46.574986;256
10071;10128.0;0;0;4;4;6;4;2;3;3;3;4;DOMPIERRE/MONT PLACE EGLISE;5.610466;46.55976;SALLE POLYVALENTE;5.6101093;46.51967;257
10105;10128.0;0;0;0;1;1;1;1;0;0;0;1;RTE CRENANS;5.7214637;46.43892;SALLE POLYVALENTE;5.6101093;46.51967;258
10141;10128.0;0;0;1;3;4;3;3;3;3;3;4;RD470;5.631695;46.52639;SALLE POLYVALENTE;5.6101093;46.51967;259
10073;10094.0;0;0;0;3;3;3;2;0;0;1;3;FERTE (LA) CHALET;5.65733;46.943325;MOLAMBOZ;5.677891;46.931664;260
10197;10094.0;0;0;0;1;1;1;1;0;0;1;1;CARF. RD 469;5.7022843;46.92231;MOLAMBOZ;5.677891;46.931664;261
10073;10199.0;0;0;0;1;1;1;1;0;0;1;1;FERTE (LA) CHALET;5.65733;46.943325;PONT;5.6196113;46.976936;262
10198;10199.0;0;0;0;3;3;3;2;0;0;1;3;EGLISE;5.621882;46.98029;PONT;5.6196113;46.976936;263
10074;10034.0;0;0;2;5;5;5;5;4;4;5;5;CFA;5.5018983;46.642166;RD1083;5.488455;46.625732;264
10161;10034.0;0;0;1;5;5;5;5;3;3;5;5;RD1083;5.4734783;46.609947;RD1083;5.488455;46.625732;265
10074;10098.0;0;0;1;5;5;5;5;3;3;5;5;CFA;5.5018983;46.642166;MESSIA/SORNE Z.I.;5.51754;46.659897;266
10097;10098.0;0;0;2;5;5;5;5;4;4;5;5;MESSIA/SORNE VILLAGE;5.522211;46.663094;MESSIA/SORNE Z.I.;5.51754;46.659897;267
10074;10111.0;0;0;0;1;1;1;1;0;0;0;1;CFA;5.5018983;46.642166;PONT SNCF;5.5292606;46.673035;268
10088;10111.0;0;0;2;5;5;5;5;4;4;5;5;LONS GARE SNCF;5.5524235;46.66883;PONT SNCF;5.5292606;46.673035;269
10097;10111.0;0;0;1;5;5;5;5;3;3;5;5;MESSIA/SORNE VILLAGE;5.522211;46.663094;PONT SNCF;5.5292606;46.673035;270
10075;10003.0;0;0;0;0;0;0;2;2;2;2;0;ECOLE;5.972402;46.374878;VILLAGE;5.994941;46.36723;271
10075;10076.0;0;0;0;0;0;0;1;2;2;1;0;ECOLE;5.972402;46.374878;COMBE DU LAC;5.986255;46.401543;272
10077;10076.0;0;0;0;0;0;0;2;2;2;2;0;VILLAGE;5.9677773;46.394436;COMBE DU LAC;5.986255;46.401543;273
10075;10077.0;0;0;0;1;1;1;2;1;1;1;1;ECOLE;5.972402;46.374878;VILLAGE;5.9677773;46.394436;274
10076;10077.0;0;0;0;0;0;0;1;2;2;1;0;COMBE DU LAC;5.986255;46.401543;VILLAGE;5.9677773;46.394436;275
10188;10077.0;0;0;0;2;2;2;2;2;2;2;2;SEPTMONCEL CLAVIERES;5.9395747;46.386856;VILLAGE;5.9677773;46.394436;276
10077;10188.0;0;0;0;1;1;1;3;3;3;2;1;VILLAGE;5.9677773;46.394436;SEPTMONCEL CLAVIERES;5.9395747;46.386856;277
10187;10188.0;0;0;0;2;2;2;2;2;2;2;2;SEPTMONCEL BELLECOMBE;5.9254217;46.378986;SEPTMONCEL CLAVIERES;5.9395747;46.386856;278
10078;10079.0;0;0;2;3;3;3;3;0;0;2;3;RUE DE LA GARE;5.4734416;46.71697;VILLAGE;5.4676943;46.710083;279
10110;10079.0;0;0;2;4;4;4;2;0;0;2;4;GRAND SUGNY;5.506111;46.686363;VILLAGE;5.4676943;46.710083;280
10079;10078.0;0;0;2;4;4;4;2;0;0;2;4;VILLAGE;5.4676943;46.710083;RUE DE LA GARE;5.4734416;46.71697;281
10208;10078.0;0;0;2;3;3;3;3;0;0;2;3;EGLISE;5.46436;46.736908;RUE DE LA GARE;5.4734416;46.71697;282
10079;10110.0;0;0;2;3;3;3;3;0;0;2;3;VILLAGE;5.4676943;46.710083;GRAND SUGNY;5.506111;46.686363;283
10108;10110.0;0;0;2;4;4;4;2;0;0;2;4;PRE DE LA TOUR;5.522836;46.67667;GRAND SUGNY;5.506111;46.686363;284
10080;10081.0;0;0;4;3;3;3;2;3;3;3;3;LAVANS-ST-CLAUDE BOURG DESSUS;5.779921;46.38545;LAVANS-ST-CLAUDE EGLISE;5.7818594;46.384083;285
10165;10081.0;0;0;1;1;0;1;1;1;0;0;1;AIGLON;5.823611;46.380337;LAVANS-ST-CLAUDE EGLISE;5.7818594;46.384083;286
10176;10081.0;0;0;0;2;4;2;2;2;3;3;2;SAINT LUPICIN GERTEM;5.79459;46.394726;LAVANS-ST-CLAUDE EGLISE;5.7818594;46.384083;287
10080;10149.0;0;0;1;3;4;3;3;3;3;3;3;LAVANS-ST-CLAUDE BOURG DESSUS;5.779921;46.38545;ABRIBUS;5.7609205;46.37639;288
10207;10149.0;0;0;4;3;3;3;2;3;3;3;3;ECOLE;5.734903;46.415253;ABRIBUS;5.7609205;46.37639;289
10080;10165.0;0;0;0;0;1;0;0;0;0;0;0;LAVANS-ST-CLAUDE BOURG DESSUS;5.779921;46.38545;AIGLON;5.823611;46.380337;290
10176;10165.0;0;0;4;3;3;3;2;3;3;3;3;SAINT LUPICIN GERTEM;5.79459;46.394726;AIGLON;5.823611;46.380337;291
10237;10165.0;0;0;1;3;4;3;3;3;3;3;3;ROUTE DE LYON;5.8300257;46.381027;AIGLON;5.823611;46.380337;292
10081;10080.0;0;0;1;3;4;3;3;3;3;3;3;LAVANS-ST-CLAUDE EGLISE;5.7818594;46.384083;LAVANS-ST-CLAUDE BOURG DESSUS;5.779921;46.38545;293
10104;10080.0;0;0;0;0;1;0;0;0;0;0;0;POSTE;5.725943;46.42869;LAVANS-ST-CLAUDE BOURG DESSUS;5.779921;46.38545;294
10149;10080.0;0;0;4;3;3;3;2;3;3;3;3;ABRIBUS;5.7609205;46.37639;LAVANS-ST-CLAUDE BOURG DESSUS;5.779921;46.38545;295
10081;10177.0;0;0;4;3;3;3;2;3;3;3;3;LAVANS-ST-CLAUDE EGLISE;5.7818594;46.384083;SAINT LUPICIN PLACE MAIRIE;5.793338;46.397835;296
10165;10177.0;0;0;0;2;4;2;2;2;3;3;2;AIGLON;5.823611;46.380337;SAINT LUPICIN PLACE MAIRIE;5.793338;46.397835;297
10082;10083.0;0;0;0;4;4;4;3;0;0;2;4;LONGWY EGLISE;5.372115;46.95822;LONGWY HOTELANS RD13;5.360749;46.94889;298
10140;10083.0;0;0;2;1;1;1;1;0;0;4;1;LAVIGNE;5.3288646;46.939747;LONGWY HOTELANS RD13;5.360749;46.94889;299
10083;10140.0;0;0;0;3;3;3;2;0;0;2;3;LONGWY HOTELANS RD13;5.360749;46.94889;LAVIGNE;5.3288646;46.939747;300
10139;10140.0;0;0;2;2;2;2;2;0;0;4;2;EGLISE;5.343148;46.935883;LAVIGNE;5.3288646;46.939747;301
10087;10086.0;0;0;0;1;1;1;1;0;0;0;1;LONS COLLEGE BRIAND;5.551513;46.669926;LONS AVENUE THUREL;5.553163;46.67277;302
10088;10086.0;0;0;1;4;4;4;4;3;3;4;4;LONS GARE SNCF;5.5524235;46.66883;LONS AVENUE THUREL;5.553163;46.67277;303
10088;10018.0;0;0;0;1;1;1;1;0;0;1;1;LONS GARE SNCF;5.5524235;46.66883;PLACE/POSTE;5.4362173;46.57475;304
10095;10018.0;0;0;1;5;5;5;5;3;3;5;5;CARF LE SORBIER;5.4167595;46.566044;PLACE/POSTE;5.4362173;46.57475;305
10127;10018.0;0;0;2;5;5;5;5;4;4;5;5;RD1083;5.442894;46.582058;PLACE/POSTE;5.4362173;46.57475;306
10215;10018.0;0;0;0;1;1;1;1;1;1;1;1;LE BOURG;5.3593626;46.46839;PLACE/POSTE;5.4362173;46.57475;307
10088;10058.0;0;0;0;0;0;0;1;0;0;0;1;LONS GARE SNCF;5.5524235;46.66883;VILLAGE;5.59837;46.65459;308
10135;10058.0;0;0;0;1;2;1;1;1;1;1;1;CONDAMINE;5.5743027;46.669216;VILLAGE;5.59837;46.65459;309
10151;10058.0;0;0;0;2;3;2;2;1;1;2;3;VILLAGE;5.605158;46.63521;VILLAGE;5.59837;46.65459;310
10088;10061.0;0;0;0;0;1;0;0;0;0;0;0;LONS GARE SNCF;5.5524235;46.66883;CRANCOT VILLAGE;5.660274;46.68777;311
10100;10061.0;0;0;0;5;5;5;4;2;2;3;5;VILLAGE;5.7266626;46.69638;CRANCOT VILLAGE;5.660274;46.68777;312
10238;10061.0;0;0;0;5;5;5;3;2;2;3;5;MONTS;5.596601;46.693024;CRANCOT VILLAGE;5.660274;46.68777;313
10088;10084.0;0;0;0;1;1;1;1;1;1;1;1;LONS GARE SNCF;5.5524235;46.66883;LONS AVENUE JEAN MOULIN;5.558232;46.673122;314
10128;10084.0;0;0;0;1;1;1;1;0;0;0;1;SALLE POLYVALENTE;5.6101093;46.51967;LONS AVENUE JEAN MOULIN;5.558232;46.673122;315
10135;10084.0;0;0;1;3;4;3;3;3;3;3;3;CONDAMINE;5.5743027;46.669216;LONS AVENUE JEAN MOULIN;5.558232;46.673122;316
10088;10090.0;0;0;1;0;0;0;0;0;0;1;0;LONS GARE SNCF;5.5524235;46.66883;LONS PISCINE;5.5664787;46.6846;317
10088;10109.0;0;0;2;4;4;4;2;0;0;2;4;LONS GARE SNCF;5.5524235;46.66883;AVENUE MAILLOT;5.529921;46.675602;318
10088;10143.0;0;0;0;1;1;1;0;0;0;0;1;LONS GARE SNCF;5.5524235;46.66883;VILLAGE;5.629531;46.595695;319
10092;10143.0;0;0;1;2;3;2;3;3;3;3;3;RD470;5.6287026;46.579826;VILLAGE;5.629531;46.595695;320
10093;10143.0;0;0;0;1;1;1;0;0;0;0;1;VILLAGE;5.639519;46.574986;VILLAGE;5.629531;46.595695;321
10138;10143.0;0;0;4;3;5;3;2;3;3;3;3;VATAGNA (ORLONG);5.590183;46.659985;VILLAGE;5.629531;46.595695;322
10088;10186.0;2;2;4;7;7;7;7;3;3;7;7;LONS GARE SNCF;5.5524235;46.66883;POSTE;5.565303;46.827465;323
10221;10186.0;2;2;2;5;5;5;5;2;2;5;6;RD 475;5.515668;46.92238;POSTE;5.565303;46.827465;324
10088;10242.0;1;1;1;0;1;1;0;1;1;1;0;LONS GARE SNCF;5.5524235;46.66883;FAC DES SCIENCES;5.0647526;47.315727;325
10089;10087.0;0;0;0;1;1;1;1;0;0;0;1;LONS LYCEE MONTCIEL;5.5416427;46.672802;LONS COLLEGE BRIAND;5.551513;46.669926;326
10090;10085.0;0;0;1;0;0;0;0;0;0;1;0;LONS PISCINE;5.5664787;46.6846;LONS AVENUE DE LA MARSEILLAISE;5.5554934;46.6725;327
10091;10068.0;0;0;0;1;1;1;1;0;0;1;1;LOYE (LA) PLACE;5.5580373;47.02637;LE PORT-STADE;5.496833;47.09015;328
10092;10071.0;0;0;4;4;6;4;2;3;3;3;4;RD470;5.6287026;46.579826;DOMPIERRE/MONT PLACE EGLISE;5.610466;46.55976;329
10128;10071.0;0;0;1;3;4;3;3;3;3;3;4;SALLE POLYVALENTE;5.6101093;46.51967;DOMPIERRE/MONT PLACE EGLISE;5.610466;46.55976;330
10094;10073.0;0;0;0;1;1;1;1;0;0;1;1;MOLAMBOZ;5.677891;46.931664;FERTE (LA) CHALET;5.65733;46.943325;331
10199;10073.0;0;0;0;3;3;3;2;0;0;1;3;PONT;5.6196113;46.976936;FERTE (LA) CHALET;5.65733;46.943325;332
10095;10012.0;0;0;2;5;5;5;5;4;4;5;5;CARF LE SORBIER;5.4167595;46.566044;ROUTE DE BOIS LAURENT;5.4066553;46.555397;333
10215;10012.0;0;0;0;1;1;1;1;0;0;0;1;LE BOURG;5.3593626;46.46839;ROUTE DE BOIS LAURENT;5.4066553;46.555397;334
10227;10012.0;0;0;1;5;5;5;5;3;3;5;5;BRETELLE RD1083;5.398222;46.53967;ROUTE DE BOIS LAURENT;5.4066553;46.555397;335
10095;10200.0;0;0;0;1;1;1;1;0;0;0;1;CARF LE SORBIER;5.4167595;46.566044;PAISIA PASS NIVEAU;5.4594746;46.59858;336
10201;10200.0;0;0;1;5;5;5;5;3;3;5;5;RD1083;5.4543915;46.594078;PAISIA PASS NIVEAU;5.4594746;46.59858;337
10209;10200.0;0;0;2;5;5;5;5;4;4;5;5;VINCELLES ROUTE DE BONNAUD;5.466851;46.60456;PAISIA PASS NIVEAU;5.4594746;46.59858;338
10096;10126.0;0;0;0;2;3;2;2;1;1;2;3;THURON;5.679614;46.591763;SALLE DES FETES;5.643512;46.598293;339
10151;10126.0;0;0;0;1;2;1;2;1;1;1;2;VILLAGE;5.605158;46.63521;SALLE DES FETES;5.643512;46.598293;340
10096;10146.0;0;0;0;1;2;1;2;1;1;1;2;THURON;5.679614;46.591763;PLACE;5.698253;46.58542;341
10134;10146.0;0;0;0;2;3;2;2;1;1;2;3;RD678;5.704442;46.58666;PLACE;5.698253;46.58542;342
10098;10097.0;0;0;1;5;5;5;5;3;3;5;5;MESSIA/SORNE Z.I.;5.51754;46.659897;MESSIA/SORNE VILLAGE;5.522211;46.663094;343
10111;10097.0;0;0;2;5;5;5;5;4;4;5;5;PONT SNCF;5.5292606;46.673035;MESSIA/SORNE VILLAGE;5.522211;46.663094;344
10099;10042.0;0;0;4;4;6;4;2;3;3;3;4;MAIRIE ECOLE;5.7266183;46.498833;MAIRIE;5.7133946;46.465836;345
10105;10042.0;0;0;1;3;4;3;3;3;3;3;4;RTE CRENANS;5.7214637;46.43892;MAIRIE;5.7133946;46.465836;346
10099;10060.0;0;0;1;3;4;3;3;3;3;3;4;MAIRIE ECOLE;5.7266183;46.498833;ABRIBUS;5.7045813;46.510284;347
10195;10060.0;0;0;1;4;6;4;2;3;0;0;4;TOUR DU MEIX (LA) RD470;5.6567745;46.52668;ABRIBUS;5.7045813;46.510284;348
10235;10060.0;0;0;3;0;0;0;0;0;3;3;0;TOUR-DU-MEIX (LA) - SURCHAUFFANT;5.6712313;46.5197;ABRIBUS;5.7045813;46.510284;349
10101;10105.0;0;0;0;0;0;0;0;0;0;0;1;CITE SCOLAIRE;5.7226353;46.436253;RTE CRENANS;5.7214637;46.43892;350
10102;10105.0;0;0;0;2;4;2;1;1;3;3;2;GENDARMERIE;5.725375;46.434605;RTE CRENANS;5.7214637;46.43892;351
10149;10105.0;0;0;1;1;0;1;1;1;0;0;1;ABRIBUS;5.7609205;46.37639;RTE CRENANS;5.7214637;46.43892;352
10206;10105.0;0;0;0;0;0;0;1;1;0;0;0;MAIRIE;5.730666;46.415447;RTE CRENANS;5.7214637;46.43892;353
10103;10104.0;0;0;4;3;4;3;2;3;3;3;4;MOIRANS EN MTGNE VOLTAIRE;5.724916;46.433613;POSTE;5.725943;46.42869;354
10206;10104.0;0;0;0;2;4;2;1;1;3;3;2;MAIRIE;5.730666;46.415447;POSTE;5.725943;46.42869;355
10104;10102.0;0;0;0;2;4;2;1;1;3;3;2;POSTE;5.725943;46.42869;GENDARMERIE;5.725375;46.434605;356
10104;10172.0;0;0;0;0;0;0;0;0;0;0;1;POSTE;5.725943;46.42869;GARE SNCF;5.860909;46.389862;357
10167;10172.0;0;0;0;1;1;1;2;1;0;0;1;LYCEE PRE ST SAUVEUR;5.869272;46.38072;GARE SNCF;5.860909;46.389862;358
10173;10172.0;0;0;0;0;0;0;2;3;3;2;0;VILLE;5.864299;46.391357;GARE SNCF;5.860909;46.389862;359
10237;10172.0;0;0;4;3;3;3;2;3;3;3;3;ROUTE DE LYON;5.8300257;46.381027;GARE SNCF;5.860909;46.389862;360
10104;10206.0;0;0;4;3;3;3;2;3;3;3;3;POSTE;5.725943;46.42869;MAIRIE;5.730666;46.415447;361
10207;10206.0;0;0;0;2;4;2;2;2;3;3;2;ECOLE;5.734903;46.415253;MAIRIE;5.730666;46.415447;362
10106;10103.0;0;0;4;3;4;3;2;3;3;3;4;MOIRANS-MGNE - FRANCHE COMTE;5.722672;46.43828;MOIRANS EN MTGNE VOLTAIRE;5.724916;46.433613;363
10107;10014.0;0;0;0;1;1;1;1;0;0;1;1;RD905;5.6458125;46.89664;RD905;5.632228;46.91064;364
10232;10014.0;0;0;0;2;2;2;2;0;0;1;2;RTE  POLIGNY;5.6044445;46.97222;RD905;5.632228;46.91064;365
10107;10196.0;0;0;0;2;2;2;2;0;0;1;2;RD905;5.6458125;46.89664;VILLAGE PARKING;5.683942;46.859955;366
10145;10196.0;0;0;0;1;1;1;1;0;0;1;1;CHARMILLES;5.6978583;46.848045;VILLAGE PARKING;5.683942;46.859955;367
10109;10108.0;0;0;2;4;4;4;2;0;0;2;4;AVENUE MAILLOT;5.529921;46.675602;PRE DE LA TOUR;5.522836;46.67667;368
10110;10089.0;0;0;0;2;2;2;2;0;0;0;2;GRAND SUGNY;5.506111;46.686363;LONS LYCEE MONTCIEL;5.5416427;46.672802;369
10111;10089.0;0;0;1;6;6;6;6;3;3;5;6;PONT SNCF;5.5292606;46.673035;LONS LYCEE MONTCIEL;5.5416427;46.672802;370
10114;10115.0;0;0;0;0;1;0;0;0;0;0;1;MAIRIE-EGLISE;6.015862;46.5363;PONT GODARD;6.017085;46.54158;371
10175;10115.0;0;0;0;0;1;0;0;0;0;0;1;SAINT LAURENT EN GDX VILLE;5.955703;46.57613;PONT GODARD;6.017085;46.54158;372
10114;10117.0;0;0;1;2;3;2;2;1;1;2;3;MAIRIE-EGLISE;6.015862;46.5363;MOREZ VILLE;6.023046;46.520164;373
10116;10117.0;0;0;1;2;3;2;3;2;2;2;3;MOREZ GARE S.N.C.F.;6.0237427;46.52648;MOREZ VILLE;6.023046;46.520164;374
10118;10117.0;0;0;1;2;2;2;2;1;1;1;2;MOREZ PLACE LISSAC;6.0240707;46.51804;MOREZ VILLE;6.023046;46.520164;375
10114;10175.0;0;0;0;2;2;2;2;1;1;2;2;MAIRIE-EGLISE;6.015862;46.5363;SAINT LAURENT EN GDX VILLE;5.955703;46.57613;376
10115;10175.0;0;0;0;0;1;0;0;0;0;0;1;PONT GODARD;6.017085;46.54158;SAINT LAURENT EN GDX VILLE;5.955703;46.57613;377
10174;10175.0;0;0;1;2;3;2;2;1;1;2;3;SAINT LAURENT EN GDX GARE SNCF;5.951636;46.57491;SAINT LAURENT EN GDX VILLE;5.955703;46.57613;378
10115;10114.0;0;0;0;0;1;0;0;0;0;0;1;PONT GODARD;6.017085;46.54158;MAIRIE-EGLISE;6.015862;46.5363;379
10117;10114.0;0;0;0;2;3;2;2;1;1;2;3;MOREZ VILLE;6.023046;46.520164;MAIRIE-EGLISE;6.015862;46.5363;380
10175;10114.0;0;0;1;2;2;2;2;1;1;2;2;SAINT LAURENT EN GDX VILLE;5.955703;46.57613;MAIRIE-EGLISE;6.015862;46.5363;381
10116;10118.0;0;0;0;3;3;3;2;0;0;1;3;MOREZ GARE S.N.C.F.;6.0237427;46.52648;MOREZ PLACE LISSAC;6.0240707;46.51804;382
10117;10118.0;0;0;1;0;0;0;1;1;1;0;0;MOREZ VILLE;6.023046;46.520164;MOREZ PLACE LISSAC;6.0240707;46.51804;383
10153;10118.0;0;0;0;2;2;2;2;1;1;0;2;ROUSSES (LES) GOULAND;6.0357337;46.49446;MOREZ PLACE LISSAC;6.0240707;46.51804;384
10159;10118.0;0;0;1;0;0;0;0;0;0;1;0;ROUSSES (LES) SYNDIC D'INITIATIVE;6.0610337;46.482964;MOREZ PLACE LISSAC;6.0240707;46.51804;385
10117;10116.0;0;0;2;3;4;3;3;2;2;3;4;MOREZ VILLE;6.023046;46.520164;MOREZ GARE S.N.C.F.;6.0237427;46.52648;386
10118;10153.0;0;0;1;3;3;3;2;1;1;1;3;MOREZ PLACE LISSAC;6.0240707;46.51804;ROUSSES (LES) GOULAND;6.0357337;46.49446;387
10159;10153.0;0;0;0;2;2;2;2;1;1;0;2;ROUSSES (LES) SYNDIC D'INITIATIVE;6.0610337;46.482964;ROUSSES (LES) GOULAND;6.0357337;46.49446;388
10118;10159.0;0;0;0;0;0;0;1;0;0;0;0;MOREZ PLACE LISSAC;6.0240707;46.51804;ROUSSES (LES) SYNDIC D'INITIATIVE;6.0610337;46.482964;389
10153;10159.0;0;0;1;3;3;3;2;1;1;1;3;ROUSSES (LES) GOULAND;6.0357337;46.49446;ROUSSES (LES) SYNDIC D'INITIATIVE;6.0610337;46.482964;390
10154;10159.0;0;0;1;2;2;2;2;1;1;1;2;ROUSSES (LES) LA CURE;6.072652;46.46354;ROUSSES (LES) SYNDIC D'INITIATIVE;6.0610337;46.482964;391
10119;10120.0;2;2;2;7;7;7;6;2;2;6;7;BEL AIR;5.8065424;46.977936;GARE S.N.C.F.;5.801104;46.97623;392
10121;10120.0;0;0;0;1;1;1;1;0;0;1;1;GYMNASE LYCEE BOIS;5.7953515;46.96959;GARE S.N.C.F.;5.801104;46.97623;393
10119;10130.0;2;2;2;4;5;4;4;2;2;4;4;BEL AIR;5.8065424;46.977936;VILLAGE;5.817632;46.970585;394
10234;10130.0;2;2;2;7;7;7;6;2;2;6;7;BARGES;5.8333273;46.95945;VILLAGE;5.817632;46.970585;395
10120;10119.0;2;2;2;4;5;4;4;2;2;4;4;GARE S.N.C.F.;5.801104;46.97623;BEL AIR;5.8065424;46.977936;396
10130;10119.0;2;2;2;7;7;7;6;2;2;6;7;VILLAGE;5.817632;46.970585;BEL AIR;5.8065424;46.977936;397
10120;10121.0;0;0;0;1;1;1;1;0;0;0;1;GARE S.N.C.F.;5.801104;46.97623;GYMNASE LYCEE BOIS;5.7953515;46.96959;398
10120;10183.0;0;0;0;1;1;1;0;0;0;0;1;GARE S.N.C.F.;5.801104;46.97623;OLIVET;5.8777313;46.947205;399
10180;10183.0;0;0;0;2;2;2;2;0;0;2;2;CASINO;5.877439;46.93821;OLIVET;5.8777313;46.947205;400
10181;10183.0;2;2;2;4;5;4;4;2;2;4;4;SALINS GARE SNCF;5.872699;46.94931;OLIVET;5.8777313;46.947205;401
10182;10183.0;0;0;0;3;3;3;3;0;0;0;3;LYCEE;5.8829007;46.949078;OLIVET;5.8777313;46.947205;402
10220;10183.0;2;2;2;5;5;5;5;2;2;6;5;SALINES;5.8772883;46.93718;OLIVET;5.8777313;46.947205;403
10122;10224.0;0;0;1;7;7;7;7;4;4;6;7;NANC ST AMOUR CARF RD3/RD1083;5.349342;46.423386;GENDARMERIE;5.343398;46.437473;404
10162;10224.0;0;0;2;6;6;6;6;4;4;6;6;HOTEL DE LA GARE;5.3352413;46.43474;GENDARMERIE;5.343398;46.437473;405
10123;10124.0;0;0;2;2;2;2;2;0;0;4;2;NEUBLANS BAS;5.328676;46.91462;NEUBLANS HAUT;5.3306456;46.907536;406
10139;10124.0;0;0;0;3;3;3;2;0;0;2;3;EGLISE;5.343148;46.935883;NEUBLANS HAUT;5.3306456;46.907536;407
10123;10210.0;0;0;0;3;3;3;2;0;0;2;3;NEUBLANS BAS;5.328676;46.91462;VILLAGE;5.302698;46.890953;408
10216;10210.0;0;0;2;2;2;2;2;0;0;4;2;CHATEAU D'EAU;5.267268;46.88367;VILLAGE;5.302698;46.890953;409
10124;10123.0;0;0;0;3;3;3;2;0;0;2;3;NEUBLANS HAUT;5.3306456;46.907536;NEUBLANS BAS;5.328676;46.91462;410
10210;10123.0;0;0;2;2;2;2;2;0;0;4;2;VILLAGE;5.302698;46.890953;NEUBLANS BAS;5.328676;46.91462;411
10124;10139.0;0;0;2;2;2;2;2;0;0;4;2;NEUBLANS HAUT;5.3306456;46.907536;EGLISE;5.343148;46.935883;412
10140;10139.0;0;0;0;3;3;3;2;0;0;2;3;LAVIGNE;5.3288646;46.939747;EGLISE;5.343148;46.935883;413
10125;10193.0;0;0;0;2;2;2;2;0;0;1;2;PLACE BASCULE;5.5202484;47.002037;POSTE;5.5507483;46.99435;414
10241;10193.0;0;0;0;1;1;1;1;0;0;1;1;MIGAILLE;5.557543;46.992146;POSTE;5.5507483;46.99435;415
10126;10096.0;0;0;0;1;2;1;2;1;1;1;2;SALLE DES FETES;5.643512;46.598293;THURON;5.679614;46.591763;416
10146;10096.0;0;0;0;2;3;2;2;1;1;2;3;PLACE;5.698253;46.58542;THURON;5.679614;46.591763;417
10127;10201.0;0;0;1;5;5;5;5;3;3;5;5;RD1083;5.442894;46.582058;RD1083;5.4543915;46.594078;418
10200;10201.0;0;0;2;5;5;5;5;4;4;5;5;PAISIA PASS NIVEAU;5.4594746;46.59858;RD1083;5.4543915;46.594078;419
10128;10141.0;0;0;4;4;6;4;2;3;3;3;4;SALLE POLYVALENTE;5.6101093;46.51967;RD470;5.631695;46.52639;420
10194;10141.0;0;0;1;3;4;3;3;3;3;3;4;TOUR DU MEIX (LA) ECOLE-MAIRIE;5.661147;46.526665;RD470;5.631695;46.52639;421
10130;10234.0;2;2;2;4;5;4;4;2;2;4;4;VILLAGE;5.817632;46.970585;BARGES;5.8333273;46.95945;422
10181;10234.0;2;2;2;7;7;7;6;2;2;6;7;SALINS GARE SNCF;5.872699;46.94931;BARGES;5.8333273;46.95945;423
10135;10137.0;0;0;4;3;5;3;2;3;3;3;3;CONDAMINE;5.5743027;46.669216;SCIERIE;5.581287;46.665836;424
10138;10137.0;0;0;1;3;4;3;3;3;3;3;4;VATAGNA (ORLONG);5.590183;46.659985;SCIERIE;5.581287;46.665836;425
10136;10238.0;0;0;0;5;5;5;3;2;2;3;5;CENTRE COMMERCIAL;5.575827;46.67016;MONTS;5.596601;46.693024;426
10137;10138.0;0;0;4;3;5;3;2;3;3;3;3;SCIERIE;5.581287;46.665836;VATAGNA (ORLONG);5.590183;46.659985;427
10143;10138.0;0;0;1;3;4;3;3;3;3;3;4;VILLAGE;5.629531;46.595695;VATAGNA (ORLONG);5.590183;46.659985;428
10141;10195.0;0;0;4;4;6;4;2;3;3;3;4;RD470;5.631695;46.52639;TOUR DU MEIX (LA) RD470;5.6567745;46.52668;429
10142;10072.0;0;0;2;2;2;2;2;0;0;2;2;CALVAIRE;5.4521728;46.918335;ESSARDS TAIGNEVAUX (LES) MAIRIE;5.418761;46.911053;430
10160;10072.0;0;0;2;3;3;3;2;0;0;2;3;PLACE DE LA MAIRIE;5.4299192;46.87122;ESSARDS TAIGNEVAUX (LES) MAIRIE;5.418761;46.911053;431
10144;10145.0;0;0;0;3;3;3;3;0;0;2;3;CHAMP DE FOIRE;5.704053;46.834427;CHARMILLES;5.6978583;46.848045;432
10149;10207.0;0;0;0;2;4;2;2;2;3;3;2;ABRIBUS;5.7609205;46.37639;ECOLE;5.734903;46.415253;433
10206;10207.0;0;0;4;3;3;3;2;3;3;3;3;MAIRIE;5.730666;46.415447;ECOLE;5.734903;46.415253;434
10152;10154.0;0;0;0;1;1;1;1;0;0;0;1;ROUSSES (LES) COLLEGE;6.069668;46.489487;ROUSSES (LES) LA CURE;6.072652;46.46354;435
10158;10154.0;0;0;1;1;1;1;1;1;1;1;1;ROUSSES (LES) LE NOIRMONT;6.0929914;46.4922;ROUSSES (LES) LA CURE;6.072652;46.46354;436
10159;10154.0;0;0;1;2;2;2;2;1;1;1;2;ROUSSES (LES) SYNDIC D'INITIATIVE;6.0610337;46.482964;ROUSSES (LES) LA CURE;6.072652;46.46354;437
10152;10158.0;0;0;0;3;3;3;1;0;0;0;3;ROUSSES (LES) COLLEGE;6.069668;46.489487;ROUSSES (LES) LE NOIRMONT;6.0929914;46.4922;438
10154;10158.0;0;0;1;0;0;0;1;1;1;1;0;ROUSSES (LES) LA CURE;6.072652;46.46354;ROUSSES (LES) LE NOIRMONT;6.0929914;46.4922;439
10155;10158.0;0;0;0;0;0;0;1;0;0;0;0;ROUSSES (LES) LA CURE DOUANE;6.0625987;46.463562;ROUSSES (LES) LE NOIRMONT;6.0929914;46.4922;440
10157;10158.0;0;0;1;2;2;2;2;1;1;1;2;ROUSSES (LES) LE GRAVIER LACROIX;6.0996485;46.499718;ROUSSES (LES) LE NOIRMONT;6.0929914;46.4922;441
10154;10152.0;0;0;0;2;2;2;1;0;0;0;2;ROUSSES (LES) LA CURE;6.072652;46.46354;ROUSSES (LES) COLLEGE;6.069668;46.489487;442
10158;10152.0;0;0;0;1;1;1;1;0;0;0;1;ROUSSES (LES) LE NOIRMONT;6.0929914;46.4922;ROUSSES (LES) COLLEGE;6.069668;46.489487;443
10159;10152.0;0;0;0;1;1;1;0;0;0;0;1;ROUSSES (LES) SYNDIC D'INITIATIVE;6.0610337;46.482964;ROUSSES (LES) COLLEGE;6.069668;46.489487;444
10156;10157.0;0;0;1;2;2;2;2;1;1;1;2;ROUSSES (LES) LE GRAVIER VANDELLE;6.1040297;46.50471;ROUSSES (LES) LE GRAVIER LACROIX;6.0996485;46.499718;445
10159;10155.0;0;0;0;0;0;0;1;0;0;0;0;ROUSSES (LES) SYNDIC D'INITIATIVE;6.0610337;46.482964;ROUSSES (LES) LA CURE DOUANE;6.0625987;46.463562;446
10161;10209.0;0;0;2;5;5;5;5;4;4;5;5;RD1083;5.4734783;46.609947;VINCELLES ROUTE DE BONNAUD;5.466851;46.60456;447
10200;10209.0;0;0;1;5;5;5;5;3;3;5;5;PAISIA PASS NIVEAU;5.4594746;46.59858;VINCELLES ROUTE DE BONNAUD;5.466851;46.60456;448
10163;10015.0;0;0;1;6;6;6;6;3;3;5;6;ZI;5.334346;46.43775;LE MONCEAU;5.354576;46.458332;449
10214;10015.0;0;0;2;6;6;6;6;4;4;6;6;ROND POINT;5.359392;46.46944;LE MONCEAU;5.354576;46.458332;450
10163;10162.0;0;0;2;6;6;6;6;4;4;6;6;ZI;5.334346;46.43775;HOTEL DE LA GARE;5.3352413;46.43474;451
10224;10162.0;0;0;1;7;7;7;7;4;4;6;7;GENDARMERIE;5.343398;46.437473;HOTEL DE LA GARE;5.3352413;46.43474;452
10164;10167.0;0;0;0;1;1;1;1;0;0;0;1;CATHEDRALE;5.86587;46.386894;LYCEE PRE ST SAUVEUR;5.869272;46.38072;453
10166;10167.0;0;0;0;1;1;1;1;0;0;0;1;FAUBOURG ECOLE;5.86235;46.38563;LYCEE PRE ST SAUVEUR;5.869272;46.38072;454
10170;10167.0;0;0;0;1;1;1;0;0;0;0;1;RUE CARNOT;5.8568945;46.38099;LYCEE PRE ST SAUVEUR;5.869272;46.38072;455
10237;10167.0;0;0;0;0;1;0;0;0;0;0;0;ROUTE DE LYON;5.8300257;46.381027;LYCEE PRE ST SAUVEUR;5.869272;46.38072;456
10164;10171.0;0;0;0;2;2;2;0;0;0;0;2;CATHEDRALE;5.86587;46.386894;SAINT HUBERT;5.8703103;46.383785;457
10204;10171.0;0;0;0;1;1;1;2;2;2;1;1;VILLARD ST SAUVEUR L'ESSARD;5.8746862;46.37148;SAINT HUBERT;5.8703103;46.383785;458
10164;10173.0;0;0;0;0;0;0;1;2;2;1;0;CATHEDRALE;5.86587;46.386894;VILLE;5.864299;46.391357;459
10167;10173.0;0;0;0;0;1;0;0;0;0;0;0;LYCEE PRE ST SAUVEUR;5.869272;46.38072;VILLE;5.864299;46.391357;460
10172;10173.0;0;0;5;6;7;6;7;8;8;8;7;GARE SNCF;5.860909;46.389862;VILLE;5.864299;46.391357;461
10191;10173.0;0;0;0;0;0;0;1;1;1;1;0;SEPTMONCEL PLACE;5.914351;46.371246;VILLE;5.864299;46.391357;462
10164;10204.0;0;0;0;0;0;0;1;0;0;0;0;CATHEDRALE;5.86587;46.386894;VILLARD ST SAUVEUR L'ESSARD;5.8746862;46.37148;463
10169;10204.0;0;0;0;2;2;2;0;0;0;0;2;ROCHEFORT;5.872823;46.377205;VILLARD ST SAUVEUR L'ESSARD;5.8746862;46.37148;464
10173;10204.0;0;0;0;0;0;0;1;2;2;2;0;VILLE;5.864299;46.391357;VILLARD ST SAUVEUR L'ESSARD;5.8746862;46.37148;465
10205;10204.0;0;0;0;1;1;1;2;2;2;1;1;VILLARD ST SAUVEUR MONTBRILLANT;5.8823867;46.367664;VILLARD ST SAUVEUR L'ESSARD;5.8746862;46.37148;466
10165;10237.0;0;0;4;3;4;3;2;3;3;3;3;AIGLON;5.823611;46.380337;ROUTE DE LYON;5.8300257;46.381027;467
10167;10237.0;0;0;0;1;1;1;0;0;0;0;1;LYCEE PRE ST SAUVEUR;5.869272;46.38072;ROUTE DE LYON;5.8300257;46.381027;468
10170;10237.0;0;0;1;2;3;2;3;3;3;3;2;RUE CARNOT;5.8568945;46.38099;ROUTE DE LYON;5.8300257;46.381027;469
10166;10164.0;0;0;0;1;1;1;0;0;0;0;1;FAUBOURG ECOLE;5.86235;46.38563;CATHEDRALE;5.86587;46.386894;470
10167;10164.0;0;0;0;1;1;1;0;0;0;0;1;LYCEE PRE ST SAUVEUR;5.869272;46.38072;CATHEDRALE;5.86587;46.386894;471
10171;10164.0;0;0;0;1;1;1;2;2;2;1;1;SAINT HUBERT;5.8703103;46.383785;CATHEDRALE;5.86587;46.386894;472
10173;10164.0;0;0;0;0;0;0;1;0;0;0;0;VILLE;5.864299;46.391357;CATHEDRALE;5.86587;46.386894;473
10167;10166.0;0;0;0;2;2;2;1;0;0;0;2;LYCEE PRE ST SAUVEUR;5.869272;46.38072;FAUBOURG ECOLE;5.86235;46.38563;474
10168;10170.0;0;0;5;6;7;6;5;6;6;6;6;PONT CIMETIERE;5.8637066;46.384636;RUE CARNOT;5.8568945;46.38099;475
10171;10169.0;0;0;0;2;2;2;0;0;0;0;2;SAINT HUBERT;5.8703103;46.383785;ROCHEFORT;5.872823;46.377205;476
10173;10168.0;0;0;5;6;7;6;5;6;6;6;6;VILLE;5.864299;46.391357;PONT CIMETIERE;5.8637066;46.384636;477
10177;10176.0;0;0;4;5;7;5;4;5;6;6;5;SAINT LUPICIN PLACE MAIRIE;5.793338;46.397835;SAINT LUPICIN GERTEM;5.79459;46.394726;478
10180;10182.0;0;0;0;1;1;1;1;0;0;0;1;CASINO;5.877439;46.93821;LYCEE;5.8829007;46.949078;479
10183;10182.0;0;0;0;3;4;3;1;0;0;1;3;OLIVET;5.8777313;46.947205;LYCEE;5.8829007;46.949078;480
10220;10182.0;0;0;0;2;2;2;1;0;0;0;2;SALINES;5.8772883;46.93718;LYCEE;5.8829007;46.949078;481
10180;10184.0;0;0;0;1;1;1;3;0;0;2;1;CASINO;5.877439;46.93821;PLACE AUBAREDE;5.8785586;46.932926;482
10185;10184.0;0;0;0;2;2;2;2;0;0;2;2;PLACE STE MARIE;5.886987;46.9291;PLACE AUBAREDE;5.8785586;46.932926;483
10182;10180.0;0;0;0;2;2;2;0;0;0;0;2;LYCEE;5.8829007;46.949078;CASINO;5.877439;46.93821;484
10183;10180.0;0;0;0;1;1;1;3;0;0;2;1;OLIVET;5.8777313;46.947205;CASINO;5.877439;46.93821;485
10184;10180.0;0;0;0;2;2;2;2;0;0;2;2;PLACE AUBAREDE;5.8785586;46.932926;CASINO;5.877439;46.93821;486
10185;10180.0;0;0;0;1;1;1;1;0;0;0;1;PLACE STE MARIE;5.886987;46.9291;CASINO;5.877439;46.93821;487
10182;10220.0;0;0;0;2;2;2;1;0;0;1;2;LYCEE;5.8829007;46.949078;SALINES;5.8772883;46.93718;488
10183;10220.0;2;2;2;3;3;3;3;2;2;3;3;OLIVET;5.8777313;46.947205;SALINES;5.8772883;46.93718;489
10183;10181.0;2;2;2;7;7;7;6;2;2;6;7;OLIVET;5.8777313;46.947205;SALINS GARE SNCF;5.872699;46.94931;490
10234;10181.0;2;2;2;4;5;4;4;2;2;4;4;BARGES;5.8333273;46.95945;SALINS GARE SNCF;5.872699;46.94931;491
10187;10191.0;0;0;0;1;1;1;3;3;3;2;1;SEPTMONCEL BELLECOMBE;5.9254217;46.378986;SEPTMONCEL PLACE;5.914351;46.371246;492
10190;10191.0;0;0;0;2;2;2;2;2;2;2;2;SEPTMONCEL MONTEPILE;5.9059277;46.362564;SEPTMONCEL PLACE;5.914351;46.371246;493
10188;10187.0;0;0;0;1;1;1;3;3;3;2;1;SEPTMONCEL CLAVIERES;5.9395747;46.386856;SEPTMONCEL BELLECOMBE;5.9254217;46.378986;494
10191;10187.0;0;0;0;2;2;2;2;2;2;2;2;SEPTMONCEL PLACE;5.914351;46.371246;SEPTMONCEL BELLECOMBE;5.9254217;46.378986;495
10189;10190.0;0;0;0;2;2;2;2;2;2;2;2;SEPTMONCEL L'EVALIDE;5.909153;46.361153;SEPTMONCEL MONTEPILE;5.9059277;46.362564;496
10191;10190.0;0;0;0;1;1;1;2;2;2;1;1;SEPTMONCEL PLACE;5.914351;46.371246;SEPTMONCEL MONTEPILE;5.9059277;46.362564;497
10189;10205.0;0;0;0;1;1;1;2;2;2;1;1;SEPTMONCEL L'EVALIDE;5.909153;46.361153;VILLARD ST SAUVEUR MONTBRILLANT;5.8823867;46.367664;498
10204;10205.0;0;0;0;2;2;2;2;2;2;2;2;VILLARD ST SAUVEUR L'ESSARD;5.8746862;46.37148;VILLARD ST SAUVEUR MONTBRILLANT;5.8823867;46.367664;499
10190;10189.0;0;0;0;1;1;1;2;2;2;1;1;SEPTMONCEL MONTEPILE;5.9059277;46.362564;SEPTMONCEL L'EVALIDE;5.909153;46.361153;500
10205;10189.0;0;0;0;2;2;2;2;2;2;2;2;VILLARD ST SAUVEUR MONTBRILLANT;5.8823867;46.367664;SEPTMONCEL L'EVALIDE;5.909153;46.361153;501
10193;10192.0;0;0;0;2;2;2;2;0;0;1;2;POSTE;5.5507483;46.99435;RN 63;5.558586;46.991436;502
10196;10144.0;0;0;0;2;2;2;2;0;0;1;2;VILLAGE PARKING;5.683942;46.859955;CHAMP DE FOIRE;5.704053;46.834427;503
10198;10112.0;0;0;0;0;0;0;0;0;0;1;0;EGLISE;5.621882;46.98029;MONT S/S VAUDREY CAR. GARE;5.597874;46.98252;504
10232;10112.0;0;0;0;1;1;1;1;0;0;1;1;RTE  POLIGNY;5.6044445;46.97222;MONT S/S VAUDREY CAR. GARE;5.597874;46.98252;505
10202;10133.0;0;0;0;2;2;2;1;0;0;0;2;MAIRIE;5.9159174;46.815342;PASQUIER (LE) MAIRIE;5.904871;46.800446;506
10203;10129.0;0;0;0;1;1;1;1;0;0;0;1;VIEILLE LOYE (LA) MAIRIE;5.632191;47.04163;EGLISE;5.666316;46.99471;507
10210;10216.0;0;0;0;3;3;3;2;0;0;2;3;VILLAGE;5.302698;46.890953;CHATEAU D'EAU;5.267268;46.88367;508
10211;10214.0;0;0;2;5;5;5;5;4;4;5;5;BROUCHY;5.3656588;46.481995;ROND POINT;5.359392;46.46944;509
10230;10214.0;0;0;0;1;1;1;1;0;0;1;1;CHAMP DE FOIRE;5.3865986;46.494083;ROND POINT;5.359392;46.46944;510
10215;10212.0;0;0;1;5;5;5;5;3;3;5;5;LE BOURG;5.3593626;46.46839;GOZ;5.367117;46.48121;511
10217;10213.0;0;0;0;1;1;1;1;0;0;0;1;BRETELLE RD1083;5.388059;46.516624;COLLEGE;5.3894434;46.498825;512
10221;10064.0;2;2;4;7;7;7;7;3;3;7;7;RD 475;5.515668;46.92238;DESCHAUX (LE) SALLE DES FETES;5.502164;46.950115;513
10223;10064.0;2;2;2;5;5;5;5;2;2;5;6;RD 905 / PHARMACIE;5.494643;47.023457;DESCHAUX (LE) SALLE DES FETES;5.502164;46.950115;514
10230;10211.0;0;0;2;5;5;5;5;4;4;5;5;CHAMP DE FOIRE;5.3865986;46.494083;BROUCHY;5.3656588;46.481995;515
10230;10218.0;0;0;1;5;5;5;5;3;3;5;5;CHAMP DE FOIRE;5.3865986;46.494083;GARAGE;5.389505;46.51714;516
10231;10055.0;0;0;2;3;3;3;3;0;0;2;3;RD33/D1;5.461248;46.82761;CAR. DE LA POTIERE;5.453578;46.81853;517
10233;10001.0;0;0;2;6;6;6;6;4;4;6;6;CARRE AMIOT;5.2279296;46.207542;GARE S.N.C.F;5.2155623;46.198807;518
10239;10001.0;0;0;0;4;4;4;4;3;3;4;4;LABALME;5.2259946;46.1998;GARE S.N.C.F;5.2155623;46.198807;519
10233;10226.0;0;0;1;7;7;7;7;4;4;6;7;CARRE AMIOT;5.2279296;46.207542;ALIMENTEC TUB;5.243946;46.21531;520
10240;10243.0;0;0;0;0;0;0;1;1;1;0;1;REPUBLIQUE;5.0441923;47.326794;FAC DES SCIENCES;5.064015;47.31494;521
10242;10240.0;1;1;1;0;1;1;0;1;1;1;0;FAC DES SCIENCES;5.0647526;47.315727;REPUBLIQUE;5.0441923;47.326794;522
