sous_ligne;id_ligne_num;route_short_name;route_long_name;id_ag_num_debut;id_ag_num_terminus;ag_origin_name;ag_destination_name;Type_Jour_Vacances_A;Debut;Fin;Nb_courses;Duree;Headway_FM;Headway_HPM;Headway_HC;Headway_HPS;Headway_FS
1_1_10067_10088_6_48426.0;1;301;LONS - DOLE TGV - EXPRESS;10067;10088;GARE ROUTIERE;LONS GARE SNCF;Dimanche_Scolaire;0.5347222222222222;0.8472222222222222;2;0.3125;;;488.0;;0.9999999999999964
1_1_10067_10088_6_48426.0;1;301;LONS - DOLE TGV - EXPRESS;10067;10088;GARE ROUTIERE;LONS GARE SNCF;Dimanche_Vacances;0.5347222222222222;0.8472222222222222;2;0.3125;;;488.0;;0.9999999999999964
1_1_10067_10088_6_48426.0;1;301;LONS - DOLE TGV - EXPRESS;10067;10088;GARE ROUTIERE;LONS GARE SNCF;Ferie;0.5347222222222222;0.8472222222222222;2;0.3125;;;488.0;;0.9999999999999964
1_1_10067_10088_6_48426.0;1;301;LONS - DOLE TGV - EXPRESS;10067;10088;GARE ROUTIERE;LONS GARE SNCF;Jeudi_Scolaire;0.2743055555555556;0.8020833333333333;5;0.5277777777777777;122.0;121.99999999999997;488.0;60.99999999999994;
1_1_10067_10088_6_48426.0;1;301;LONS - DOLE TGV - EXPRESS;10067;10088;GARE ROUTIERE;LONS GARE SNCF;Lundi_Scolaire;0.2743055555555556;0.8020833333333333;5;0.5277777777777777;122.0;121.99999999999997;488.0;60.99999999999994;
1_1_10067_10088_6_48426.0;1;301;LONS - DOLE TGV - EXPRESS;10067;10088;GARE ROUTIERE;LONS GARE SNCF;Mardi_Scolaire;0.2743055555555556;0.8020833333333333;5;0.5277777777777777;122.0;121.99999999999997;488.0;60.99999999999994;
1_1_10067_10088_6_48426.0;1;301;LONS - DOLE TGV - EXPRESS;10067;10088;GARE ROUTIERE;LONS GARE SNCF;Mercredi_Scolaire;0.2743055555555556;0.8020833333333333;5;0.5277777777777777;122.0;121.99999999999997;488.0;60.99999999999994;
1_1_10067_10088_6_48426.0;1;301;LONS - DOLE TGV - EXPRESS;10067;10088;GARE ROUTIERE;LONS GARE SNCF;Samedi_Scolaire;0.5347222222222222;0.8020833333333333;2;0.26736111111111105;;;488.0;121.99999999999989;
1_1_10067_10088_6_48426.0;1;301;LONS - DOLE TGV - EXPRESS;10067;10088;GARE ROUTIERE;LONS GARE SNCF;Samedi_Vacances;0.5347222222222222;0.8020833333333333;2;0.26736111111111105;;;488.0;121.99999999999989;
1_1_10067_10088_6_48426.0;1;301;LONS - DOLE TGV - EXPRESS;10067;10088;GARE ROUTIERE;LONS GARE SNCF;Semaine_Vacances;0.2743055555555556;0.8020833333333333;5;0.5277777777777777;122.0;121.99999999999997;488.0;60.99999999999994;
1_1_10067_10088_6_48426.0;1;301;LONS - DOLE TGV - EXPRESS;10067;10088;GARE ROUTIERE;LONS GARE SNCF;Vendredi_Scolaire;0.2743055555555556;0.8472222222222222;6;0.5729166666666666;122.0;121.99999999999997;488.0;60.99999999999994;0.9999999999999964
1_0_10088_10067_6_48426.0;1;301;LONS - DOLE TGV - EXPRESS;10088;10067;LONS GARE SNCF;GARE ROUTIERE;Dimanche_Scolaire;0.53125;0.7395833333333334;2;0.20833333333333337;;;244.0;;
1_0_10088_10067_6_48426.0;1;301;LONS - DOLE TGV - EXPRESS;10088;10067;LONS GARE SNCF;GARE ROUTIERE;Dimanche_Vacances;0.53125;0.7395833333333334;2;0.20833333333333337;;;244.0;;
1_0_10088_10067_6_48426.0;1;301;LONS - DOLE TGV - EXPRESS;10088;10067;LONS GARE SNCF;GARE ROUTIERE;Ferie;0.3194444444444445;0.8125;4;0.4930555555555555;;121.99999999999997;244.0;121.99999999999989;
1_0_10088_10067_6_48426.0;1;301;LONS - DOLE TGV - EXPRESS;10088;10067;LONS GARE SNCF;GARE ROUTIERE;Jeudi_Scolaire;0.21180555555555555;0.8125;7;0.6006944444444444;61.0;121.99999999999997;162.66666666666666;121.99999999999989;
1_0_10088_10067_6_48426.0;1;301;LONS - DOLE TGV - EXPRESS;10088;10067;LONS GARE SNCF;GARE ROUTIERE;Lundi_Scolaire;0.21180555555555555;0.8125;7;0.6006944444444444;61.0;121.99999999999997;162.66666666666666;121.99999999999989;
1_0_10088_10067_6_48426.0;1;301;LONS - DOLE TGV - EXPRESS;10088;10067;LONS GARE SNCF;GARE ROUTIERE;Mardi_Scolaire;0.21180555555555555;0.8125;7;0.6006944444444444;61.0;121.99999999999997;162.66666666666666;121.99999999999989;
1_0_10088_10067_6_48426.0;1;301;LONS - DOLE TGV - EXPRESS;10088;10067;LONS GARE SNCF;GARE ROUTIERE;Mercredi_Scolaire;0.21180555555555555;0.8125;7;0.6006944444444444;61.0;121.99999999999997;162.66666666666666;121.99999999999989;
1_0_10088_10067_6_48426.0;1;301;LONS - DOLE TGV - EXPRESS;10088;10067;LONS GARE SNCF;GARE ROUTIERE;Samedi_Scolaire;0.3194444444444445;0.8125;3;0.4930555555555555;;121.99999999999997;488.0;121.99999999999989;
1_0_10088_10067_6_48426.0;1;301;LONS - DOLE TGV - EXPRESS;10088;10067;LONS GARE SNCF;GARE ROUTIERE;Samedi_Vacances;0.3194444444444445;0.8125;3;0.4930555555555555;;121.99999999999997;488.0;121.99999999999989;
1_0_10088_10067_6_48426.0;1;301;LONS - DOLE TGV - EXPRESS;10088;10067;LONS GARE SNCF;GARE ROUTIERE;Semaine_Vacances;0.21180555555555555;0.8125;7;0.6006944444444444;61.0;121.99999999999997;162.66666666666666;121.99999999999989;
1_0_10088_10067_6_48426.0;1;301;LONS - DOLE TGV - EXPRESS;10088;10067;LONS GARE SNCF;GARE ROUTIERE;Vendredi_Scolaire;0.21180555555555555;0.8125;7;0.6006944444444444;61.0;121.99999999999997;162.66666666666666;121.99999999999989;
2_0_10001_10088_35_63111.0;2;303;BOURG - LONS;10001;10088;GARE S.N.C.F;LONS GARE SNCF;Jeudi_Scolaire;0.7291666666666667;0.7951388888888888;1;0.0659722222222221;;;;121.99999999999989;
2_0_10001_10088_35_63111.0;2;303;BOURG - LONS;10001;10088;GARE S.N.C.F;LONS GARE SNCF;Lundi_Scolaire;0.7291666666666667;0.7951388888888888;1;0.0659722222222221;;;;121.99999999999989;
2_0_10001_10088_35_63111.0;2;303;BOURG - LONS;10001;10088;GARE S.N.C.F;LONS GARE SNCF;Mardi_Scolaire;0.7291666666666667;0.7951388888888888;1;0.0659722222222221;;;;121.99999999999989;
2_0_10001_10088_35_63111.0;2;303;BOURG - LONS;10001;10088;GARE S.N.C.F;LONS GARE SNCF;Mercredi_Scolaire;0.7291666666666667;0.7951388888888888;1;0.0659722222222221;;;;121.99999999999989;
2_0_10001_10088_35_63111.0;2;303;BOURG - LONS;10001;10088;GARE S.N.C.F;LONS GARE SNCF;Semaine_Vacances;0.7291666666666667;0.7951388888888888;1;0.0659722222222221;;;;121.99999999999989;
2_0_10001_10088_35_63111.0;2;303;BOURG - LONS;10001;10088;GARE S.N.C.F;LONS GARE SNCF;Vendredi_Scolaire;0.7291666666666667;0.7951388888888888;1;0.0659722222222221;;;;121.99999999999989;
2_0_10239_10088_17_61968.0;2;303;BOURG - LONS;10239;10088;LABALME;LONS GARE SNCF;Jeudi_Scolaire;0.7569444444444444;0.8194444444444444;1;0.0625;;;;121.99999999999989;
2_0_10239_10088_17_61968.0;2;303;BOURG - LONS;10239;10088;LABALME;LONS GARE SNCF;Lundi_Scolaire;0.7569444444444444;0.8194444444444444;1;0.0625;;;;121.99999999999989;
2_0_10239_10088_17_61968.0;2;303;BOURG - LONS;10239;10088;LABALME;LONS GARE SNCF;Mardi_Scolaire;0.7569444444444444;0.8194444444444444;1;0.0625;;;;121.99999999999989;
2_0_10239_10088_17_61968.0;2;303;BOURG - LONS;10239;10088;LABALME;LONS GARE SNCF;Mercredi_Scolaire;0.7569444444444444;0.8194444444444444;1;0.0625;;;;121.99999999999989;
2_0_10239_10088_17_61968.0;2;303;BOURG - LONS;10239;10088;LABALME;LONS GARE SNCF;Samedi_Scolaire;0.7569444444444444;0.8194444444444444;1;0.0625;;;;121.99999999999989;
2_0_10239_10088_17_61968.0;2;303;BOURG - LONS;10239;10088;LABALME;LONS GARE SNCF;Samedi_Vacances;0.7569444444444444;0.8194444444444444;1;0.0625;;;;121.99999999999989;
2_0_10239_10088_17_61968.0;2;303;BOURG - LONS;10239;10088;LABALME;LONS GARE SNCF;Semaine_Vacances;0.7569444444444444;0.8194444444444444;1;0.0625;;;;121.99999999999989;
2_0_10239_10088_17_61968.0;2;303;BOURG - LONS;10239;10088;LABALME;LONS GARE SNCF;Vendredi_Scolaire;0.7569444444444444;0.8194444444444444;1;0.0625;;;;121.99999999999989;
2_0_10001_10086_23_62831.0;2;303;BOURG - LONS;10001;10086;GARE S.N.C.F;LONS AVENUE THUREL;Jeudi_Scolaire;0.2465277777777778;0.3125;1;0.06597222222222221;122.0;;;;
2_0_10001_10086_23_62831.0;2;303;BOURG - LONS;10001;10086;GARE S.N.C.F;LONS AVENUE THUREL;Lundi_Scolaire;0.2465277777777778;0.3125;1;0.06597222222222221;122.0;;;;
2_0_10001_10086_23_62831.0;2;303;BOURG - LONS;10001;10086;GARE S.N.C.F;LONS AVENUE THUREL;Mardi_Scolaire;0.2465277777777778;0.3125;1;0.06597222222222221;122.0;;;;
2_0_10001_10086_23_62831.0;2;303;BOURG - LONS;10001;10086;GARE S.N.C.F;LONS AVENUE THUREL;Mercredi_Scolaire;0.2465277777777778;0.3125;1;0.06597222222222221;122.0;;;;
2_0_10001_10086_23_62831.0;2;303;BOURG - LONS;10001;10086;GARE S.N.C.F;LONS AVENUE THUREL;Vendredi_Scolaire;0.2465277777777778;0.3125;1;0.06597222222222221;122.0;;;;
2_0_10001_10086_36_63553.0;2;303;BOURG - LONS;10001;10086;GARE S.N.C.F;LONS AVENUE THUREL;Ferie;0.2465277777777778;0.3125;1;0.06597222222222221;122.0;;;;
2_0_10001_10086_36_63553.0;2;303;BOURG - LONS;10001;10086;GARE S.N.C.F;LONS AVENUE THUREL;Jeudi_Scolaire;0.2951388888888889;0.3611111111111111;1;0.06597222222222221;122.0;;;;
2_0_10001_10086_36_63553.0;2;303;BOURG - LONS;10001;10086;GARE S.N.C.F;LONS AVENUE THUREL;Lundi_Scolaire;0.2951388888888889;0.3611111111111111;1;0.06597222222222221;122.0;;;;
2_0_10001_10086_36_63553.0;2;303;BOURG - LONS;10001;10086;GARE S.N.C.F;LONS AVENUE THUREL;Mardi_Scolaire;0.2951388888888889;0.3611111111111111;1;0.06597222222222221;122.0;;;;
2_0_10001_10086_36_63553.0;2;303;BOURG - LONS;10001;10086;GARE S.N.C.F;LONS AVENUE THUREL;Mercredi_Scolaire;0.2951388888888889;0.3611111111111111;1;0.06597222222222221;122.0;;;;
2_0_10001_10086_36_63553.0;2;303;BOURG - LONS;10001;10086;GARE S.N.C.F;LONS AVENUE THUREL;Samedi_Scolaire;0.2951388888888889;0.3611111111111111;1;0.06597222222222221;122.0;;;;
2_0_10001_10086_36_63553.0;2;303;BOURG - LONS;10001;10086;GARE S.N.C.F;LONS AVENUE THUREL;Samedi_Vacances;0.2951388888888889;0.3611111111111111;1;0.06597222222222221;122.0;;;;
2_0_10001_10086_36_63553.0;2;303;BOURG - LONS;10001;10086;GARE S.N.C.F;LONS AVENUE THUREL;Semaine_Vacances;0.2465277777777778;0.3125;1;0.06597222222222221;122.0;;;;
2_0_10001_10086_36_63553.0;2;303;BOURG - LONS;10001;10086;GARE S.N.C.F;LONS AVENUE THUREL;Vendredi_Scolaire;0.2951388888888889;0.3611111111111111;1;0.06597222222222221;122.0;;;;
2_0_10239_10086_37_64363.0;2;303;BOURG - LONS;10239;10086;LABALME;LONS AVENUE THUREL;Jeudi_Scolaire;0.3229166666666667;0.7534722222222222;3;0.4305555555555555;;121.99999999999997;244.0;;
2_0_10239_10086_37_64363.0;2;303;BOURG - LONS;10239;10086;LABALME;LONS AVENUE THUREL;Lundi_Scolaire;0.3229166666666667;0.7534722222222222;3;0.4305555555555555;;121.99999999999997;244.0;;
2_0_10239_10086_37_64363.0;2;303;BOURG - LONS;10239;10086;LABALME;LONS AVENUE THUREL;Mardi_Scolaire;0.3229166666666667;0.7534722222222222;3;0.4305555555555555;;121.99999999999997;244.0;;
2_0_10239_10086_37_64363.0;2;303;BOURG - LONS;10239;10086;LABALME;LONS AVENUE THUREL;Mercredi_Scolaire;0.3229166666666667;0.7534722222222222;3;0.4305555555555555;;121.99999999999997;244.0;;
2_0_10239_10086_37_64363.0;2;303;BOURG - LONS;10239;10086;LABALME;LONS AVENUE THUREL;Samedi_Scolaire;0.5069444444444444;0.7534722222222222;2;0.2465277777777778;;;244.0;;
2_0_10239_10086_37_64363.0;2;303;BOURG - LONS;10239;10086;LABALME;LONS AVENUE THUREL;Samedi_Vacances;0.5069444444444444;0.7534722222222222;2;0.2465277777777778;;;244.0;;
2_0_10239_10086_37_64363.0;2;303;BOURG - LONS;10239;10086;LABALME;LONS AVENUE THUREL;Semaine_Vacances;0.3229166666666667;0.7534722222222222;3;0.4305555555555555;;121.99999999999997;244.0;;
2_0_10239_10086_37_64363.0;2;303;BOURG - LONS;10239;10086;LABALME;LONS AVENUE THUREL;Vendredi_Scolaire;0.3229166666666667;0.7534722222222222;3;0.4305555555555555;;121.99999999999997;244.0;;
2_1_10086_10239_20_62523.0;2;303;BOURG - LONS;10086;10239;LONS AVENUE THUREL;LABALME;Jeudi_Scolaire;0.25;0.31736111111111115;1;0.06736111111111115;122.0;;;;
2_1_10086_10239_20_62523.0;2;303;BOURG - LONS;10086;10239;LONS AVENUE THUREL;LABALME;Lundi_Scolaire;0.25;0.31736111111111115;1;0.06736111111111115;122.0;;;;
2_1_10086_10239_20_62523.0;2;303;BOURG - LONS;10086;10239;LONS AVENUE THUREL;LABALME;Mardi_Scolaire;0.25;0.31736111111111115;1;0.06736111111111115;122.0;;;;
2_1_10086_10239_20_62523.0;2;303;BOURG - LONS;10086;10239;LONS AVENUE THUREL;LABALME;Mercredi_Scolaire;0.25;0.31736111111111115;1;0.06736111111111115;122.0;;;;
2_1_10086_10239_20_62523.0;2;303;BOURG - LONS;10086;10239;LONS AVENUE THUREL;LABALME;Semaine_Vacances;0.25;0.31736111111111115;1;0.06736111111111115;122.0;;;;
2_1_10086_10239_20_62523.0;2;303;BOURG - LONS;10086;10239;LONS AVENUE THUREL;LABALME;Vendredi_Scolaire;0.25;0.31736111111111115;1;0.06736111111111115;122.0;;;;
2_1_10086_10239_36_64369.0;2;303;BOURG - LONS;10086;10239;LONS AVENUE THUREL;LABALME;Ferie;0.31597222222222227;0.7506944444444444;2;0.4347222222222222;;121.99999999999997;488.0;;
2_1_10086_10239_36_64369.0;2;303;BOURG - LONS;10086;10239;LONS AVENUE THUREL;LABALME;Jeudi_Scolaire;0.5104166666666666;0.8270833333333333;4;0.31666666666666665;;;244.0;60.99999999999994;
2_1_10086_10239_36_64369.0;2;303;BOURG - LONS;10086;10239;LONS AVENUE THUREL;LABALME;Lundi_Scolaire;0.5104166666666666;0.8270833333333333;4;0.31666666666666665;;;244.0;60.99999999999994;
2_1_10086_10239_36_64369.0;2;303;BOURG - LONS;10086;10239;LONS AVENUE THUREL;LABALME;Mardi_Scolaire;0.5104166666666666;0.8270833333333333;4;0.31666666666666665;;;244.0;60.99999999999994;
2_1_10086_10239_36_64369.0;2;303;BOURG - LONS;10086;10239;LONS AVENUE THUREL;LABALME;Mercredi_Scolaire;0.5104166666666666;0.8270833333333333;4;0.31666666666666665;;;244.0;60.99999999999994;
2_1_10086_10239_36_64369.0;2;303;BOURG - LONS;10086;10239;LONS AVENUE THUREL;LABALME;Samedi_Scolaire;0.31597222222222227;0.8270833333333333;4;0.5111111111111111;;121.99999999999997;244.0;121.99999999999989;
2_1_10086_10239_36_64369.0;2;303;BOURG - LONS;10086;10239;LONS AVENUE THUREL;LABALME;Samedi_Vacances;0.31597222222222227;0.8270833333333333;4;0.5111111111111111;;121.99999999999997;244.0;121.99999999999989;
2_1_10086_10239_36_64369.0;2;303;BOURG - LONS;10086;10239;LONS AVENUE THUREL;LABALME;Semaine_Vacances;0.31597222222222227;0.8270833333333333;5;0.5111111111111111;;121.99999999999997;244.0;60.99999999999994;
2_1_10086_10239_36_64369.0;2;303;BOURG - LONS;10086;10239;LONS AVENUE THUREL;LABALME;Vendredi_Scolaire;0.5104166666666666;0.8270833333333333;4;0.31666666666666665;;;244.0;60.99999999999994;
2_1_10086_10239_37_64412.0;2;303;BOURG - LONS;10086;10239;LONS AVENUE THUREL;LABALME;Jeudi_Scolaire;0.31597222222222227;0.38680555555555557;1;0.0708333333333333;;121.99999999999997;;;
2_1_10086_10239_37_64412.0;2;303;BOURG - LONS;10086;10239;LONS AVENUE THUREL;LABALME;Lundi_Scolaire;0.31597222222222227;0.38680555555555557;1;0.0708333333333333;;121.99999999999997;;;
2_1_10086_10239_37_64412.0;2;303;BOURG - LONS;10086;10239;LONS AVENUE THUREL;LABALME;Mardi_Scolaire;0.31597222222222227;0.38680555555555557;1;0.0708333333333333;;121.99999999999997;;;
2_1_10086_10239_37_64412.0;2;303;BOURG - LONS;10086;10239;LONS AVENUE THUREL;LABALME;Mercredi_Scolaire;0.31597222222222227;0.38680555555555557;1;0.0708333333333333;;121.99999999999997;;;
2_1_10086_10239_37_64412.0;2;303;BOURG - LONS;10086;10239;LONS AVENUE THUREL;LABALME;Vendredi_Scolaire;0.31597222222222227;0.38680555555555557;1;0.0708333333333333;;121.99999999999997;;;
3_1_10022_10116_15_19540.0;3;306;HAUTS DE BIENNE - BOIS AMONT;10022;10116;FRONTIERE;MOREZ GARE S.N.C.F.;Ferie;0.3125;0.35416666666666663;1;0.04166666666666663;;121.99999999999997;;;
3_1_10022_10116_15_19540.0;3;306;HAUTS DE BIENNE - BOIS AMONT;10022;10116;FRONTIERE;MOREZ GARE S.N.C.F.;Semaine_Vacances;0.3125;0.35416666666666663;1;0.04166666666666663;;121.99999999999997;;;
3_1_10022_10116_17_20971.0;3;306;HAUTS DE BIENNE - BOIS AMONT;10022;10116;FRONTIERE;MOREZ GARE S.N.C.F.;Jeudi_Scolaire;0.3125;0.35416666666666663;1;0.04166666666666663;;121.99999999999997;;;
3_1_10022_10116_17_20971.0;3;306;HAUTS DE BIENNE - BOIS AMONT;10022;10116;FRONTIERE;MOREZ GARE S.N.C.F.;Lundi_Scolaire;0.3125;0.35416666666666663;1;0.04166666666666663;;121.99999999999997;;;
3_1_10022_10116_17_20971.0;3;306;HAUTS DE BIENNE - BOIS AMONT;10022;10116;FRONTIERE;MOREZ GARE S.N.C.F.;Mardi_Scolaire;0.3125;0.35416666666666663;1;0.04166666666666663;;121.99999999999997;;;
3_1_10022_10116_17_20971.0;3;306;HAUTS DE BIENNE - BOIS AMONT;10022;10116;FRONTIERE;MOREZ GARE S.N.C.F.;Mercredi_Scolaire;0.3125;0.35416666666666663;1;0.04166666666666663;;121.99999999999997;;;
3_1_10022_10116_17_20971.0;3;306;HAUTS DE BIENNE - BOIS AMONT;10022;10116;FRONTIERE;MOREZ GARE S.N.C.F.;Vendredi_Scolaire;0.3125;0.35416666666666663;1;0.04166666666666663;;121.99999999999997;;;
3_1_10236_10116_18_24775.0;3;306;HAUTS DE BIENNE - BOIS AMONT;10236;10116;2982 RUE DU VIVIER;MOREZ GARE S.N.C.F.;Samedi_Scolaire;0.3923611111111111;0.42708333333333337;1;0.034722222222222265;;;488.0;;
3_1_10236_10116_18_24775.0;3;306;HAUTS DE BIENNE - BOIS AMONT;10236;10116;2982 RUE DU VIVIER;MOREZ GARE S.N.C.F.;Samedi_Vacances;0.3923611111111111;0.42708333333333337;1;0.034722222222222265;;;488.0;;
3_0_10116_10022_14_16708.0;3;306;HAUTS DE BIENNE - BOIS AMONT;10116;10022;MOREZ GARE S.N.C.F.;FRONTIERE;Jeudi_Scolaire;0.6944444444444444;0.7291666666666667;1;0.03472222222222232;;;488.0;;
3_0_10116_10022_14_16708.0;3;306;HAUTS DE BIENNE - BOIS AMONT;10116;10022;MOREZ GARE S.N.C.F.;FRONTIERE;Lundi_Scolaire;0.6944444444444444;0.7291666666666667;1;0.03472222222222232;;;488.0;;
3_0_10116_10022_14_16708.0;3;306;HAUTS DE BIENNE - BOIS AMONT;10116;10022;MOREZ GARE S.N.C.F.;FRONTIERE;Mardi_Scolaire;0.6944444444444444;0.7291666666666667;1;0.03472222222222232;;;488.0;;
3_0_10116_10022_14_16708.0;3;306;HAUTS DE BIENNE - BOIS AMONT;10116;10022;MOREZ GARE S.N.C.F.;FRONTIERE;Vendredi_Scolaire;0.6944444444444444;0.7291666666666667;1;0.03472222222222232;;;488.0;;
3_0_10116_10022_15_19949.0;3;306;HAUTS DE BIENNE - BOIS AMONT;10116;10022;MOREZ GARE S.N.C.F.;FRONTIERE;Semaine_Vacances;0.7152777777777778;0.75;1;0.03472222222222221;;;488.0;;
3_0_10116_10236_15_25496.0;3;306;HAUTS DE BIENNE - BOIS AMONT;10116;10236;MOREZ GARE S.N.C.F.;2982 RUE DU VIVIER;Mercredi_Scolaire;0.5034722222222222;0.5555555555555555;1;0.05208333333333326;;;488.0;;
3_0_10116_10236_16_24946.0;3;306;HAUTS DE BIENNE - BOIS AMONT;10116;10236;MOREZ GARE S.N.C.F.;2982 RUE DU VIVIER;Jeudi_Scolaire;0.7152777777777778;0.75;1;0.03472222222222221;;;488.0;;
3_0_10116_10236_16_24946.0;3;306;HAUTS DE BIENNE - BOIS AMONT;10116;10236;MOREZ GARE S.N.C.F.;2982 RUE DU VIVIER;Lundi_Scolaire;0.7152777777777778;0.75;1;0.03472222222222221;;;488.0;;
3_0_10116_10236_16_24946.0;3;306;HAUTS DE BIENNE - BOIS AMONT;10116;10236;MOREZ GARE S.N.C.F.;2982 RUE DU VIVIER;Mardi_Scolaire;0.7152777777777778;0.75;1;0.03472222222222221;;;488.0;;
3_0_10116_10236_16_24946.0;3;306;HAUTS DE BIENNE - BOIS AMONT;10116;10236;MOREZ GARE S.N.C.F.;2982 RUE DU VIVIER;Vendredi_Scolaire;0.732638888888889;0.7673611111111112;1;0.03472222222222221;;;;121.99999999999989;
3_0_10116_10236_17_25919.0;3;306;HAUTS DE BIENNE - BOIS AMONT;10116;10236;MOREZ GARE S.N.C.F.;2982 RUE DU VIVIER;Jeudi_Scolaire;0.7638888888888888;0.8055555555555555;1;0.04166666666666663;;;;121.99999999999989;
3_0_10116_10236_17_25919.0;3;306;HAUTS DE BIENNE - BOIS AMONT;10116;10236;MOREZ GARE S.N.C.F.;2982 RUE DU VIVIER;Lundi_Scolaire;0.7638888888888888;0.8055555555555555;1;0.04166666666666663;;;;121.99999999999989;
3_0_10116_10236_17_25919.0;3;306;HAUTS DE BIENNE - BOIS AMONT;10116;10236;MOREZ GARE S.N.C.F.;2982 RUE DU VIVIER;Mardi_Scolaire;0.7638888888888888;0.8055555555555555;1;0.04166666666666663;;;;121.99999999999989;
3_0_10116_10236_17_25919.0;3;306;HAUTS DE BIENNE - BOIS AMONT;10116;10236;MOREZ GARE S.N.C.F.;2982 RUE DU VIVIER;Vendredi_Scolaire;0.7638888888888888;0.8055555555555555;1;0.04166666666666663;;;;121.99999999999989;
3_0_10116_10236_17_28371.0;3;306;HAUTS DE BIENNE - BOIS AMONT;10116;10236;MOREZ GARE S.N.C.F.;2982 RUE DU VIVIER;Mercredi_Scolaire;0.7638888888888888;0.8055555555555555;1;0.04166666666666663;;;;121.99999999999989;
3_0_10116_10236_18_27677.0;3;306;HAUTS DE BIENNE - BOIS AMONT;10116;10236;MOREZ GARE S.N.C.F.;2982 RUE DU VIVIER;Ferie;0.5104166666666666;0.5506944444444444;1;0.040277777777777746;;;488.0;;
3_0_10116_10236_18_27677.0;3;306;HAUTS DE BIENNE - BOIS AMONT;10116;10236;MOREZ GARE S.N.C.F.;2982 RUE DU VIVIER;Mercredi_Scolaire;0.7270833333333334;0.7694444444444445;1;0.04236111111111107;;;;121.99999999999989;
3_0_10116_10236_18_27677.0;3;306;HAUTS DE BIENNE - BOIS AMONT;10116;10236;MOREZ GARE S.N.C.F.;2982 RUE DU VIVIER;Samedi_Scolaire;0.5104166666666666;0.5506944444444444;1;0.040277777777777746;;;488.0;;
3_0_10116_10236_18_27677.0;3;306;HAUTS DE BIENNE - BOIS AMONT;10116;10236;MOREZ GARE S.N.C.F.;2982 RUE DU VIVIER;Samedi_Vacances;0.5104166666666666;0.5506944444444444;1;0.040277777777777746;;;488.0;;
3_1_10236_10117_17_24071.0;3;306;HAUTS DE BIENNE - BOIS AMONT;10236;10117;2982 RUE DU VIVIER;MOREZ VILLE;Jeudi_Scolaire;0.2777777777777778;0.3125;1;0.03472222222222221;122.0;;;;
3_1_10236_10117_17_24071.0;3;306;HAUTS DE BIENNE - BOIS AMONT;10236;10117;2982 RUE DU VIVIER;MOREZ VILLE;Lundi_Scolaire;0.2777777777777778;0.3125;1;0.03472222222222221;122.0;;;;
3_1_10236_10117_17_24071.0;3;306;HAUTS DE BIENNE - BOIS AMONT;10236;10117;2982 RUE DU VIVIER;MOREZ VILLE;Mardi_Scolaire;0.2777777777777778;0.3125;1;0.03472222222222221;122.0;;;;
3_1_10236_10117_17_24071.0;3;306;HAUTS DE BIENNE - BOIS AMONT;10236;10117;2982 RUE DU VIVIER;MOREZ VILLE;Mercredi_Scolaire;0.2777777777777778;0.3125;1;0.03472222222222221;122.0;;;;
3_1_10236_10117_17_24071.0;3;306;HAUTS DE BIENNE - BOIS AMONT;10236;10117;2982 RUE DU VIVIER;MOREZ VILLE;Vendredi_Scolaire;0.2777777777777778;0.3125;1;0.03472222222222221;122.0;;;;
4_0_10167_10088_31_57199.0;4;307;SAINT-CLAUDE  - LONS LE SAUNIER;10167;10088;LYCEE PRE ST SAUVEUR;LONS GARE SNCF;Jeudi_Scolaire;0.5034722222222222;0.5729166666666666;1;0.06944444444444442;;;488.0;;
4_0_10167_10088_31_57199.0;4;307;SAINT-CLAUDE  - LONS LE SAUNIER;10167;10088;LYCEE PRE ST SAUVEUR;LONS GARE SNCF;Lundi_Scolaire;0.5034722222222222;0.5729166666666666;1;0.06944444444444442;;;488.0;;
4_0_10167_10088_31_57199.0;4;307;SAINT-CLAUDE  - LONS LE SAUNIER;10167;10088;LYCEE PRE ST SAUVEUR;LONS GARE SNCF;Mardi_Scolaire;0.5034722222222222;0.5729166666666666;1;0.06944444444444442;;;488.0;;
4_0_10167_10088_31_57199.0;4;307;SAINT-CLAUDE  - LONS LE SAUNIER;10167;10088;LYCEE PRE ST SAUVEUR;LONS GARE SNCF;Mercredi_Scolaire;0.5034722222222222;0.5729166666666666;1;0.06944444444444442;;;488.0;;
4_0_10167_10088_31_57199.0;4;307;SAINT-CLAUDE  - LONS LE SAUNIER;10167;10088;LYCEE PRE ST SAUVEUR;LONS GARE SNCF;Samedi_Scolaire;0.5034722222222222;0.5729166666666666;1;0.06944444444444442;;;488.0;;
4_0_10167_10088_31_57199.0;4;307;SAINT-CLAUDE  - LONS LE SAUNIER;10167;10088;LYCEE PRE ST SAUVEUR;LONS GARE SNCF;Vendredi_Scolaire;0.5034722222222222;0.5729166666666666;1;0.06944444444444442;;;488.0;;
4_0_10172_10088_18_52076.0;4;307;SAINT-CLAUDE  - LONS LE SAUNIER;10172;10088;GARE SNCF;LONS GARE SNCF;Jeudi_Scolaire;0.2569444444444444;0.3194444444444445;1;0.06250000000000006;122.0;;;;
4_0_10172_10088_18_52076.0;4;307;SAINT-CLAUDE  - LONS LE SAUNIER;10172;10088;GARE SNCF;LONS GARE SNCF;Mardi_Scolaire;0.2569444444444444;0.3194444444444445;1;0.06250000000000006;122.0;;;;
4_0_10172_10088_18_52076.0;4;307;SAINT-CLAUDE  - LONS LE SAUNIER;10172;10088;GARE SNCF;LONS GARE SNCF;Mercredi_Scolaire;0.2569444444444444;0.3194444444444445;1;0.06250000000000006;122.0;;;;
4_0_10172_10088_18_52076.0;4;307;SAINT-CLAUDE  - LONS LE SAUNIER;10172;10088;GARE SNCF;LONS GARE SNCF;Vendredi_Scolaire;0.2569444444444444;0.3194444444444445;1;0.06250000000000006;122.0;;;;
4_0_10172_10088_24_54013.0;4;307;SAINT-CLAUDE  - LONS LE SAUNIER;10172;10088;GARE SNCF;LONS GARE SNCF;Lundi_Scolaire;0.2465277777777778;0.3194444444444445;1;0.07291666666666669;122.0;;;;
4_0_10172_10088_24_54060.0;4;307;SAINT-CLAUDE  - LONS LE SAUNIER;10172;10088;GARE SNCF;LONS GARE SNCF;Ferie;0.2604166666666667;0.3229166666666667;1;0.0625;122.0;;;;
4_0_10172_10088_24_54060.0;4;307;SAINT-CLAUDE  - LONS LE SAUNIER;10172;10088;GARE SNCF;LONS GARE SNCF;Samedi_Scolaire;0.2604166666666667;0.3229166666666667;1;0.0625;122.0;;;;
4_0_10172_10088_28_55959.0;4;307;SAINT-CLAUDE  - LONS LE SAUNIER;10172;10088;GARE SNCF;LONS GARE SNCF;Mercredi_Scolaire;0.7083333333333334;0.78125;1;0.07291666666666663;;;488.0;;
4_0_10172_10088_28_55959.0;4;307;SAINT-CLAUDE  - LONS LE SAUNIER;10172;10088;GARE SNCF;LONS GARE SNCF;Samedi_Scolaire;0.7083333333333334;0.78125;1;0.07291666666666663;;;488.0;;
4_0_10172_10088_30_55997.0;4;307;SAINT-CLAUDE  - LONS LE SAUNIER;10172;10088;GARE SNCF;LONS GARE SNCF;Lundi_Scolaire;0.3645833333333333;0.4326388888888889;1;0.06805555555555559;;121.99999999999997;;;
4_0_10172_10088_30_55997.0;4;307;SAINT-CLAUDE  - LONS LE SAUNIER;10172;10088;GARE SNCF;LONS GARE SNCF;Samedi_Vacances;0.2604166666666667;0.3284722222222222;1;0.06805555555555554;122.0;;;;
4_0_10172_10088_30_55997.0;4;307;SAINT-CLAUDE  - LONS LE SAUNIER;10172;10088;GARE SNCF;LONS GARE SNCF;Semaine_Vacances;0.2604166666666667;0.3284722222222222;1;0.06805555555555554;122.0;;;;
4_0_10172_10088_31_56058.0;4;307;SAINT-CLAUDE  - LONS LE SAUNIER;10172;10088;GARE SNCF;LONS GARE SNCF;Samedi_Vacances;0.5104166666666666;0.78125;2;0.27083333333333337;;;244.0;;
4_0_10172_10088_31_56058.0;4;307;SAINT-CLAUDE  - LONS LE SAUNIER;10172;10088;GARE SNCF;LONS GARE SNCF;Semaine_Vacances;0.5104166666666666;0.78125;2;0.27083333333333337;;;244.0;;
4_0_10172_10088_31_58719.0;4;307;SAINT-CLAUDE  - LONS LE SAUNIER;10172;10088;GARE SNCF;LONS GARE SNCF;Jeudi_Scolaire;0.7430555555555556;0.8194444444444444;1;0.07638888888888884;;;;121.99999999999989;
4_0_10172_10088_31_58719.0;4;307;SAINT-CLAUDE  - LONS LE SAUNIER;10172;10088;GARE SNCF;LONS GARE SNCF;Lundi_Scolaire;0.7430555555555556;0.8194444444444444;1;0.07638888888888884;;;;121.99999999999989;
4_0_10172_10088_31_58719.0;4;307;SAINT-CLAUDE  - LONS LE SAUNIER;10172;10088;GARE SNCF;LONS GARE SNCF;Mardi_Scolaire;0.7430555555555556;0.8194444444444444;1;0.07638888888888884;;;;121.99999999999989;
4_0_10172_10088_31_58719.0;4;307;SAINT-CLAUDE  - LONS LE SAUNIER;10172;10088;GARE SNCF;LONS GARE SNCF;Vendredi_Scolaire;0.7430555555555556;0.8194444444444444;1;0.07638888888888884;;;;121.99999999999989;
4_0_10101_10088_15_37012.0;4;307;SAINT-CLAUDE  - LONS LE SAUNIER;10101;10088;CITE SCOLAIRE;LONS GARE SNCF;Vendredi_Scolaire;0.6680555555555555;0.704861111111111;1;0.036805555555555536;;;488.0;;
4_0_10105_10088_10_32535.0;4;307;SAINT-CLAUDE  - LONS LE SAUNIER;10105;10088;RTE CRENANS;LONS GARE SNCF;Jeudi_Scolaire;0.2743055555555556;0.3138888888888889;1;0.039583333333333304;122.0;;;;
4_0_10105_10088_10_32535.0;4;307;SAINT-CLAUDE  - LONS LE SAUNIER;10105;10088;RTE CRENANS;LONS GARE SNCF;Lundi_Scolaire;0.2743055555555556;0.3138888888888889;1;0.039583333333333304;122.0;;;;
4_0_10105_10088_10_32535.0;4;307;SAINT-CLAUDE  - LONS LE SAUNIER;10105;10088;RTE CRENANS;LONS GARE SNCF;Mardi_Scolaire;0.2743055555555556;0.3138888888888889;1;0.039583333333333304;122.0;;;;
4_0_10105_10088_10_32535.0;4;307;SAINT-CLAUDE  - LONS LE SAUNIER;10105;10088;RTE CRENANS;LONS GARE SNCF;Mercredi_Scolaire;0.2743055555555556;0.3138888888888889;1;0.039583333333333304;122.0;;;;
4_0_10105_10088_10_32535.0;4;307;SAINT-CLAUDE  - LONS LE SAUNIER;10105;10088;RTE CRENANS;LONS GARE SNCF;Vendredi_Scolaire;0.2743055555555556;0.3138888888888889;1;0.039583333333333304;122.0;;;;
4_1_10088_10101_14_36974.0;4;307;SAINT-CLAUDE  - LONS LE SAUNIER;10088;10101;LONS GARE SNCF;CITE SCOLAIRE;Lundi_Scolaire;0.3819444444444444;0.4201388888888889;1;0.038194444444444475;;;488.0;;
4_1_10088_10106_14_36755.0;4;307;SAINT-CLAUDE  - LONS LE SAUNIER;10088;10106;LONS GARE SNCF;MOIRANS-MGNE - FRANCHE COMTE;Jeudi_Scolaire;0.71875;0.7534722222222222;1;0.03472222222222221;;;488.0;;
4_1_10088_10106_14_36755.0;4;307;SAINT-CLAUDE  - LONS LE SAUNIER;10088;10106;LONS GARE SNCF;MOIRANS-MGNE - FRANCHE COMTE;Lundi_Scolaire;0.71875;0.7534722222222222;1;0.03472222222222221;;;488.0;;
4_1_10088_10106_14_36755.0;4;307;SAINT-CLAUDE  - LONS LE SAUNIER;10088;10106;LONS GARE SNCF;MOIRANS-MGNE - FRANCHE COMTE;Mardi_Scolaire;0.71875;0.7534722222222222;1;0.03472222222222221;;;488.0;;
4_1_10088_10170_26_55112.0;4;307;SAINT-CLAUDE  - LONS LE SAUNIER;10088;10170;LONS GARE SNCF;RUE CARNOT;Jeudi_Scolaire;0.7604166666666666;0.8263888888888888;1;0.06597222222222221;;;;121.99999999999989;
4_1_10088_10170_26_55112.0;4;307;SAINT-CLAUDE  - LONS LE SAUNIER;10088;10170;LONS GARE SNCF;RUE CARNOT;Lundi_Scolaire;0.7604166666666666;0.8263888888888888;1;0.06597222222222221;;;;121.99999999999989;
4_1_10088_10170_26_55112.0;4;307;SAINT-CLAUDE  - LONS LE SAUNIER;10088;10170;LONS GARE SNCF;RUE CARNOT;Mardi_Scolaire;0.7604166666666666;0.8263888888888888;1;0.06597222222222221;;;;121.99999999999989;
4_1_10088_10170_26_55112.0;4;307;SAINT-CLAUDE  - LONS LE SAUNIER;10088;10170;LONS GARE SNCF;RUE CARNOT;Vendredi_Scolaire;0.7604166666666666;0.8263888888888888;1;0.06597222222222221;;;;121.99999999999989;
4_1_10084_10170_30_56739.0;4;307;SAINT-CLAUDE  - LONS LE SAUNIER;10084;10170;LONS AVENUE JEAN MOULIN;RUE CARNOT;Ferie;0.3194444444444445;0.3854166666666667;1;0.06597222222222221;;121.99999999999997;;;
4_1_10084_10170_30_56739.0;4;307;SAINT-CLAUDE  - LONS LE SAUNIER;10084;10170;LONS AVENUE JEAN MOULIN;RUE CARNOT;Jeudi_Scolaire;0.5104166666666666;0.75;2;0.23958333333333337;;;244.0;;
4_1_10084_10170_30_56739.0;4;307;SAINT-CLAUDE  - LONS LE SAUNIER;10084;10170;LONS AVENUE JEAN MOULIN;RUE CARNOT;Lundi_Scolaire;0.5104166666666666;0.75;2;0.23958333333333337;;;244.0;;
4_1_10084_10170_30_56739.0;4;307;SAINT-CLAUDE  - LONS LE SAUNIER;10084;10170;LONS AVENUE JEAN MOULIN;RUE CARNOT;Mardi_Scolaire;0.5104166666666666;0.75;2;0.23958333333333337;;;244.0;;
4_1_10084_10170_30_56739.0;4;307;SAINT-CLAUDE  - LONS LE SAUNIER;10084;10170;LONS AVENUE JEAN MOULIN;RUE CARNOT;Mercredi_Scolaire;0.5104166666666666;0.7916666666666666;2;0.28125;;;244.0;;
4_1_10084_10170_30_56739.0;4;307;SAINT-CLAUDE  - LONS LE SAUNIER;10084;10170;LONS AVENUE JEAN MOULIN;RUE CARNOT;Samedi_Scolaire;0.3194444444444445;0.7916666666666666;3;0.47222222222222215;;121.99999999999997;244.0;;
4_1_10084_10170_30_56739.0;4;307;SAINT-CLAUDE  - LONS LE SAUNIER;10084;10170;LONS AVENUE JEAN MOULIN;RUE CARNOT;Vendredi_Scolaire;0.5104166666666666;0.75;2;0.23958333333333337;;;244.0;;
4_1_10084_10170_31_56761.0;4;307;SAINT-CLAUDE  - LONS LE SAUNIER;10084;10170;LONS AVENUE JEAN MOULIN;RUE CARNOT;Ferie;0.3263888888888889;0.7916666666666666;3;0.46527777777777773;;121.99999999999997;244.0;;
4_1_10084_10170_31_56761.0;4;307;SAINT-CLAUDE  - LONS LE SAUNIER;10084;10170;LONS AVENUE JEAN MOULIN;RUE CARNOT;Samedi_Vacances;0.3263888888888889;0.7916666666666666;3;0.46527777777777773;;121.99999999999997;244.0;;
4_1_10084_10170_31_56761.0;4;307;SAINT-CLAUDE  - LONS LE SAUNIER;10084;10170;LONS AVENUE JEAN MOULIN;RUE CARNOT;Semaine_Vacances;0.3263888888888889;0.7916666666666666;3;0.46527777777777773;;121.99999999999997;244.0;;
4_1_10088_10173_18_49376.0;4;307;SAINT-CLAUDE  - LONS LE SAUNIER;10088;10173;LONS GARE SNCF;VILLE;Vendredi_Scolaire;0.7222222222222222;0.7847222222222222;1;0.0625;;;;121.99999999999989;
4_1_10084_10173_22_53001.0;4;307;SAINT-CLAUDE  - LONS LE SAUNIER;10084;10173;LONS AVENUE JEAN MOULIN;VILLE;Lundi_Scolaire;0.2534722222222222;0.3298611111111111;1;0.0763888888888889;122.0;;;;
5_0_10116_10088_20_47240.0;5;309;LONS LE SAUNIER - MOREZ;10116;10088;MOREZ GARE S.N.C.F.;LONS GARE SNCF;Lundi_Scolaire;0.25;0.3145833333333333;1;0.06458333333333333;122.0;;;;
5_0_10116_10088_21_47516.0;5;309;LONS LE SAUNIER - MOREZ;10116;10088;MOREZ GARE S.N.C.F.;LONS GARE SNCF;Vendredi_Scolaire;0.7152777777777778;0.7673611111111112;1;0.05208333333333337;;;488.0;;
5_0_10116_10088_7_42987.0;5;309;LONS LE SAUNIER - MOREZ;10116;10088;MOREZ GARE S.N.C.F.;LONS GARE SNCF;Jeudi_Scolaire;0.3576388888888889;0.4097222222222222;1;0.052083333333333315;;121.99999999999997;;;
5_0_10116_10088_7_42987.0;5;309;LONS LE SAUNIER - MOREZ;10116;10088;MOREZ GARE S.N.C.F.;LONS GARE SNCF;Lundi_Scolaire;0.3576388888888889;0.4097222222222222;1;0.052083333333333315;;121.99999999999997;;;
5_0_10116_10088_7_42987.0;5;309;LONS LE SAUNIER - MOREZ;10116;10088;MOREZ GARE S.N.C.F.;LONS GARE SNCF;Mardi_Scolaire;0.3576388888888889;0.4097222222222222;1;0.052083333333333315;;121.99999999999997;;;
5_0_10116_10088_7_42987.0;5;309;LONS LE SAUNIER - MOREZ;10116;10088;MOREZ GARE S.N.C.F.;LONS GARE SNCF;Mercredi_Scolaire;0.3576388888888889;0.4097222222222222;1;0.052083333333333315;;121.99999999999997;;;
5_0_10116_10088_7_42987.0;5;309;LONS LE SAUNIER - MOREZ;10116;10088;MOREZ GARE S.N.C.F.;LONS GARE SNCF;Semaine_Vacances;0.3576388888888889;0.4097222222222222;1;0.052083333333333315;;121.99999999999997;;;
5_0_10116_10088_7_42987.0;5;309;LONS LE SAUNIER - MOREZ;10116;10088;MOREZ GARE S.N.C.F.;LONS GARE SNCF;Vendredi_Scolaire;0.3576388888888889;0.4097222222222222;1;0.052083333333333315;;121.99999999999997;;;
5_0_10053_10088_11_20496.0;5;309;LONS LE SAUNIER - MOREZ;10053;10088;CLAIRVAUX MAIRIE;LONS GARE SNCF;Jeudi_Scolaire;0.3333333333333333;0.35416666666666663;1;0.020833333333333315;;121.99999999999997;;;
5_0_10053_10088_11_20496.0;5;309;LONS LE SAUNIER - MOREZ;10053;10088;CLAIRVAUX MAIRIE;LONS GARE SNCF;Lundi_Scolaire;0.3333333333333333;0.35416666666666663;1;0.020833333333333315;;121.99999999999997;;;
5_0_10053_10088_11_20496.0;5;309;LONS LE SAUNIER - MOREZ;10053;10088;CLAIRVAUX MAIRIE;LONS GARE SNCF;Mardi_Scolaire;0.3333333333333333;0.35416666666666663;1;0.020833333333333315;;121.99999999999997;;;
5_0_10053_10088_11_20496.0;5;309;LONS LE SAUNIER - MOREZ;10053;10088;CLAIRVAUX MAIRIE;LONS GARE SNCF;Mercredi_Scolaire;0.3333333333333333;0.35416666666666663;1;0.020833333333333315;;121.99999999999997;;;
5_0_10053_10088_11_20496.0;5;309;LONS LE SAUNIER - MOREZ;10053;10088;CLAIRVAUX MAIRIE;LONS GARE SNCF;Semaine_Vacances;0.3333333333333333;0.35416666666666663;1;0.020833333333333315;;121.99999999999997;;;
5_0_10053_10088_11_20496.0;5;309;LONS LE SAUNIER - MOREZ;10053;10088;CLAIRVAUX MAIRIE;LONS GARE SNCF;Vendredi_Scolaire;0.3333333333333333;0.35416666666666663;1;0.020833333333333315;;121.99999999999997;;;
5_1_10088_10116_16_45868.0;5;309;LONS LE SAUNIER - MOREZ;10088;10116;LONS GARE SNCF;MOREZ GARE S.N.C.F.;Mercredi_Scolaire;0.5138888888888888;0.5729166666666666;1;0.05902777777777779;;;488.0;;
5_1_10088_10116_20_47240.0;5;309;LONS LE SAUNIER - MOREZ;10088;10116;LONS GARE SNCF;MOREZ GARE S.N.C.F.;Vendredi_Scolaire;0.78125;0.8368055555555556;1;0.05555555555555558;;;;121.99999999999989;
5_1_10088_10116_21_47516.0;5;309;LONS LE SAUNIER - MOREZ;10088;10116;LONS GARE SNCF;MOREZ GARE S.N.C.F.;Lundi_Scolaire;0.2548611111111111;0.31597222222222227;1;0.06111111111111117;122.0;;;;
5_1_10088_10116_7_42987.0;5;309;LONS LE SAUNIER - MOREZ;10088;10116;LONS GARE SNCF;MOREZ GARE S.N.C.F.;Ferie;0.5138888888888888;0.5659722222222222;1;0.05208333333333337;;;488.0;;
5_1_10088_10116_7_42987.0;5;309;LONS LE SAUNIER - MOREZ;10088;10116;LONS GARE SNCF;MOREZ GARE S.N.C.F.;Jeudi_Scolaire;0.5138888888888888;0.5659722222222222;1;0.05208333333333337;;;488.0;;
5_1_10088_10116_7_42987.0;5;309;LONS LE SAUNIER - MOREZ;10088;10116;LONS GARE SNCF;MOREZ GARE S.N.C.F.;Lundi_Scolaire;0.5138888888888888;0.5659722222222222;1;0.05208333333333337;;;488.0;;
5_1_10088_10116_7_42987.0;5;309;LONS LE SAUNIER - MOREZ;10088;10116;LONS GARE SNCF;MOREZ GARE S.N.C.F.;Mardi_Scolaire;0.5138888888888888;0.5659722222222222;1;0.05208333333333337;;;488.0;;
5_1_10088_10116_7_42987.0;5;309;LONS LE SAUNIER - MOREZ;10088;10116;LONS GARE SNCF;MOREZ GARE S.N.C.F.;Semaine_Vacances;0.5138888888888888;0.5659722222222222;1;0.05208333333333337;;;488.0;;
5_1_10088_10116_7_42987.0;5;309;LONS LE SAUNIER - MOREZ;10088;10116;LONS GARE SNCF;MOREZ GARE S.N.C.F.;Vendredi_Scolaire;0.5138888888888888;0.5659722222222222;1;0.05208333333333337;;;488.0;;
5_1_10228_10116_21_48018.0;5;309;LONS LE SAUNIER - MOREZ;10228;10116;PLACE DE VERDUN;MOREZ GARE S.N.C.F.;Jeudi_Scolaire;0.71875;0.7847222222222222;1;0.06597222222222221;;;488.0;;
5_1_10228_10116_21_48018.0;5;309;LONS LE SAUNIER - MOREZ;10228;10116;PLACE DE VERDUN;MOREZ GARE S.N.C.F.;Lundi_Scolaire;0.71875;0.7847222222222222;1;0.06597222222222221;;;488.0;;
5_1_10228_10116_21_48018.0;5;309;LONS LE SAUNIER - MOREZ;10228;10116;PLACE DE VERDUN;MOREZ GARE S.N.C.F.;Mardi_Scolaire;0.71875;0.7847222222222222;1;0.06597222222222221;;;488.0;;
5_1_10228_10116_21_48018.0;5;309;LONS LE SAUNIER - MOREZ;10228;10116;PLACE DE VERDUN;MOREZ GARE S.N.C.F.;Mercredi_Scolaire;0.71875;0.7847222222222222;1;0.06597222222222221;;;488.0;;
5_1_10228_10116_21_48018.0;5;309;LONS LE SAUNIER - MOREZ;10228;10116;PLACE DE VERDUN;MOREZ GARE S.N.C.F.;Samedi_Scolaire;0.71875;0.7847222222222222;1;0.06597222222222221;;;488.0;;
5_1_10228_10116_21_48018.0;5;309;LONS LE SAUNIER - MOREZ;10228;10116;PLACE DE VERDUN;MOREZ GARE S.N.C.F.;Samedi_Vacances;0.71875;0.7847222222222222;1;0.06597222222222221;;;488.0;;
5_1_10228_10116_21_48018.0;5;309;LONS LE SAUNIER - MOREZ;10228;10116;PLACE DE VERDUN;MOREZ GARE S.N.C.F.;Semaine_Vacances;0.71875;0.7847222222222222;1;0.06597222222222221;;;488.0;;
5_1_10228_10116_21_48018.0;5;309;LONS LE SAUNIER - MOREZ;10228;10116;PLACE DE VERDUN;MOREZ GARE S.N.C.F.;Vendredi_Scolaire;0.71875;0.7847222222222222;1;0.06597222222222221;;;488.0;;
5_0_10116_10084_20_47617.0;5;309;LONS LE SAUNIER - MOREZ;10116;10084;MOREZ GARE S.N.C.F.;LONS AVENUE JEAN MOULIN;Jeudi_Scolaire;0.5069444444444444;0.5666666666666667;1;0.05972222222222223;;;488.0;;
5_0_10116_10084_20_47617.0;5;309;LONS LE SAUNIER - MOREZ;10116;10084;MOREZ GARE S.N.C.F.;LONS AVENUE JEAN MOULIN;Lundi_Scolaire;0.5069444444444444;0.5666666666666667;1;0.05972222222222223;;;488.0;;
5_0_10116_10084_20_47617.0;5;309;LONS LE SAUNIER - MOREZ;10116;10084;MOREZ GARE S.N.C.F.;LONS AVENUE JEAN MOULIN;Mardi_Scolaire;0.5069444444444444;0.5666666666666667;1;0.05972222222222223;;;488.0;;
5_0_10116_10084_20_47617.0;5;309;LONS LE SAUNIER - MOREZ;10116;10084;MOREZ GARE S.N.C.F.;LONS AVENUE JEAN MOULIN;Mercredi_Scolaire;0.5069444444444444;0.5666666666666667;1;0.05972222222222223;;;488.0;;
5_0_10116_10084_20_47617.0;5;309;LONS LE SAUNIER - MOREZ;10116;10084;MOREZ GARE S.N.C.F.;LONS AVENUE JEAN MOULIN;Samedi_Scolaire;0.5069444444444444;0.5666666666666667;1;0.05972222222222223;;;488.0;;
5_0_10116_10084_20_47617.0;5;309;LONS LE SAUNIER - MOREZ;10116;10084;MOREZ GARE S.N.C.F.;LONS AVENUE JEAN MOULIN;Samedi_Vacances;0.5069444444444444;0.5666666666666667;1;0.05972222222222223;;;488.0;;
5_0_10116_10084_20_47617.0;5;309;LONS LE SAUNIER - MOREZ;10116;10084;MOREZ GARE S.N.C.F.;LONS AVENUE JEAN MOULIN;Semaine_Vacances;0.5069444444444444;0.5666666666666667;1;0.05972222222222223;;;488.0;;
5_0_10116_10084_20_47617.0;5;309;LONS LE SAUNIER - MOREZ;10116;10084;MOREZ GARE S.N.C.F.;LONS AVENUE JEAN MOULIN;Vendredi_Scolaire;0.5069444444444444;0.5666666666666667;1;0.05972222222222223;;;488.0;;
6_0_10010_10067_13_32959.0;6;312;ARBOIS-MOUCHARD-DOLE;10010;10067;LA FOULE;GARE ROUTIERE;Semaine_Vacances;0.29305555555555557;0.3333333333333333;1;0.040277777777777746;122.0;;;;
6_0_10010_10069_15_35156.0;6;312;ARBOIS-MOUCHARD-DOLE;10010;10069;LA FOULE;DUHAMEL;Jeudi_Scolaire;0.2777777777777778;0.3298611111111111;1;0.052083333333333315;122.0;;;;
6_0_10010_10069_15_35156.0;6;312;ARBOIS-MOUCHARD-DOLE;10010;10069;LA FOULE;DUHAMEL;Lundi_Scolaire;0.2777777777777778;0.3298611111111111;1;0.052083333333333315;122.0;;;;
6_0_10010_10069_15_35156.0;6;312;ARBOIS-MOUCHARD-DOLE;10010;10069;LA FOULE;DUHAMEL;Mardi_Scolaire;0.2777777777777778;0.3298611111111111;1;0.052083333333333315;122.0;;;;
6_0_10010_10069_15_35156.0;6;312;ARBOIS-MOUCHARD-DOLE;10010;10069;LA FOULE;DUHAMEL;Mercredi_Scolaire;0.2777777777777778;0.3298611111111111;1;0.052083333333333315;122.0;;;;
6_0_10010_10069_15_35156.0;6;312;ARBOIS-MOUCHARD-DOLE;10010;10069;LA FOULE;DUHAMEL;Vendredi_Scolaire;0.2777777777777778;0.3298611111111111;1;0.052083333333333315;122.0;;;;
6_1_10067_10010_12_31892.0;6;312;ARBOIS-MOUCHARD-DOLE;10067;10010;GARE ROUTIERE;LA FOULE;Jeudi_Scolaire;0.71875;0.7590277777777777;1;0.040277777777777746;;;488.0;;
6_1_10067_10010_12_31892.0;6;312;ARBOIS-MOUCHARD-DOLE;10067;10010;GARE ROUTIERE;LA FOULE;Lundi_Scolaire;0.71875;0.7590277777777777;1;0.040277777777777746;;;488.0;;
6_1_10067_10010_12_31892.0;6;312;ARBOIS-MOUCHARD-DOLE;10067;10010;GARE ROUTIERE;LA FOULE;Mardi_Scolaire;0.71875;0.7590277777777777;1;0.040277777777777746;;;488.0;;
6_1_10067_10010_12_31892.0;6;312;ARBOIS-MOUCHARD-DOLE;10067;10010;GARE ROUTIERE;LA FOULE;Mercredi_Scolaire;0.7152777777777778;0.7590277777777777;1;0.043749999999999956;;;488.0;;
6_1_10067_10010_12_31892.0;6;312;ARBOIS-MOUCHARD-DOLE;10067;10010;GARE ROUTIERE;LA FOULE;Semaine_Vacances;0.7152777777777778;0.7590277777777777;1;0.043749999999999956;;;488.0;;
6_1_10067_10010_12_31892.0;6;312;ARBOIS-MOUCHARD-DOLE;10067;10010;GARE ROUTIERE;LA FOULE;Vendredi_Scolaire;0.71875;0.7590277777777777;1;0.040277777777777746;;;488.0;;
6_1_10067_10010_14_41088.0;6;312;ARBOIS-MOUCHARD-DOLE;10067;10010;GARE ROUTIERE;LA FOULE;Jeudi_Scolaire;0.7569444444444444;0.7999999999999999;1;0.043055555555555514;;;;121.99999999999989;
6_1_10067_10010_14_41088.0;6;312;ARBOIS-MOUCHARD-DOLE;10067;10010;GARE ROUTIERE;LA FOULE;Lundi_Scolaire;0.7569444444444444;0.7999999999999999;1;0.043055555555555514;;;;121.99999999999989;
6_1_10067_10010_14_41088.0;6;312;ARBOIS-MOUCHARD-DOLE;10067;10010;GARE ROUTIERE;LA FOULE;Mardi_Scolaire;0.7569444444444444;0.7999999999999999;1;0.043055555555555514;;;;121.99999999999989;
6_1_10067_10010_14_41088.0;6;312;ARBOIS-MOUCHARD-DOLE;10067;10010;GARE ROUTIERE;LA FOULE;Vendredi_Scolaire;0.7569444444444444;0.7999999999999999;1;0.043055555555555514;;;;121.99999999999989;
6_1_10069_10010_13_33978.0;6;312;ARBOIS-MOUCHARD-DOLE;10069;10010;DUHAMEL;LA FOULE;Jeudi_Scolaire;0.704861111111111;0.7590277777777777;1;0.054166666666666696;;;488.0;;
6_1_10069_10010_13_33978.0;6;312;ARBOIS-MOUCHARD-DOLE;10069;10010;DUHAMEL;LA FOULE;Lundi_Scolaire;0.704861111111111;0.7590277777777777;1;0.054166666666666696;;;488.0;;
6_1_10069_10010_13_33978.0;6;312;ARBOIS-MOUCHARD-DOLE;10069;10010;DUHAMEL;LA FOULE;Mardi_Scolaire;0.704861111111111;0.7590277777777777;1;0.054166666666666696;;;488.0;;
6_1_10069_10010_13_33978.0;6;312;ARBOIS-MOUCHARD-DOLE;10069;10010;DUHAMEL;LA FOULE;Vendredi_Scolaire;0.704861111111111;0.7590277777777777;1;0.054166666666666696;;;488.0;;
6_1_10069_10010_15_43174.0;6;312;ARBOIS-MOUCHARD-DOLE;10069;10010;DUHAMEL;LA FOULE;Mercredi_Scolaire;0.5104166666666666;0.5604166666666667;1;0.050000000000000044;;;488.0;;
7_0_10182_10038_12_25464.0;7;313;SALINS-CHAMPAGNOLE-SALINS-LES-BAINS;10182;10038;LYCEE;LYCEE P. E. VICTOR;Jeudi_Scolaire;0.7125;0.7840277777777778;2;0.07152777777777775;;;488.0;121.99999999999989;
7_0_10182_10038_12_25464.0;7;313;SALINS-CHAMPAGNOLE-SALINS-LES-BAINS;10182;10038;LYCEE;LYCEE P. E. VICTOR;Lundi_Scolaire;0.7125;0.7840277777777778;2;0.07152777777777775;;;488.0;121.99999999999989;
7_0_10182_10038_12_25464.0;7;313;SALINS-CHAMPAGNOLE-SALINS-LES-BAINS;10182;10038;LYCEE;LYCEE P. E. VICTOR;Mardi_Scolaire;0.7125;0.7840277777777778;2;0.07152777777777775;;;488.0;121.99999999999989;
7_0_10182_10038_12_25464.0;7;313;SALINS-CHAMPAGNOLE-SALINS-LES-BAINS;10182;10038;LYCEE;LYCEE P. E. VICTOR;Vendredi_Scolaire;0.7125;0.7840277777777778;2;0.07152777777777775;;;488.0;121.99999999999989;
7_0_10182_10038_15_25866.0;7;313;SALINS-CHAMPAGNOLE-SALINS-LES-BAINS;10182;10038;LYCEE;LYCEE P. E. VICTOR;Mercredi_Scolaire;0.5243055555555556;0.5555555555555555;1;0.03124999999999989;;;488.0;;
7_0_10183_10038_11_23860.0;7;313;SALINS-CHAMPAGNOLE-SALINS-LES-BAINS;10183;10038;OLIVET;LYCEE P. E. VICTOR;Jeudi_Scolaire;0.28125;0.3125;1;0.03125;122.0;;;;
7_0_10183_10038_11_23860.0;7;313;SALINS-CHAMPAGNOLE-SALINS-LES-BAINS;10183;10038;OLIVET;LYCEE P. E. VICTOR;Lundi_Scolaire;0.28125;0.3125;1;0.03125;122.0;;;;
7_0_10183_10038_11_23860.0;7;313;SALINS-CHAMPAGNOLE-SALINS-LES-BAINS;10183;10038;OLIVET;LYCEE P. E. VICTOR;Mardi_Scolaire;0.28125;0.3125;1;0.03125;122.0;;;;
7_0_10183_10038_11_23860.0;7;313;SALINS-CHAMPAGNOLE-SALINS-LES-BAINS;10183;10038;OLIVET;LYCEE P. E. VICTOR;Mercredi_Scolaire;0.28125;0.3125;1;0.03125;122.0;;;;
7_0_10183_10038_11_23860.0;7;313;SALINS-CHAMPAGNOLE-SALINS-LES-BAINS;10183;10038;OLIVET;LYCEE P. E. VICTOR;Vendredi_Scolaire;0.28125;0.3125;1;0.03125;122.0;;;;
7_0_10183_10039_8_24025.0;7;313;SALINS-CHAMPAGNOLE-SALINS-LES-BAINS;10183;10039;OLIVET;PLACE PROST CHALET;Mercredi_Scolaire;0.7152777777777778;0.7347222222222223;1;0.019444444444444486;;;488.0;;
7_0_10183_10039_8_24025.0;7;313;SALINS-CHAMPAGNOLE-SALINS-LES-BAINS;10183;10039;OLIVET;PLACE PROST CHALET;Semaine_Vacances;0.28680555555555554;0.7347222222222223;2;0.44791666666666674;122.0;;488.0;;
7_1_10036_10182_14_26689.0;7;313;SALINS-CHAMPAGNOLE-SALINS-LES-BAINS;10036;10182;COLLEGE LOUATAUX;LYCEE;Jeudi_Scolaire;0.7125;0.7451388888888889;1;0.032638888888888884;;;488.0;;
7_1_10036_10182_14_26689.0;7;313;SALINS-CHAMPAGNOLE-SALINS-LES-BAINS;10036;10182;COLLEGE LOUATAUX;LYCEE;Lundi_Scolaire;0.7125;0.7451388888888889;1;0.032638888888888884;;;488.0;;
7_1_10036_10182_14_26689.0;7;313;SALINS-CHAMPAGNOLE-SALINS-LES-BAINS;10036;10182;COLLEGE LOUATAUX;LYCEE;Mardi_Scolaire;0.7125;0.7451388888888889;1;0.032638888888888884;;;488.0;;
7_1_10036_10182_14_26689.0;7;313;SALINS-CHAMPAGNOLE-SALINS-LES-BAINS;10036;10182;COLLEGE LOUATAUX;LYCEE;Vendredi_Scolaire;0.7125;0.7451388888888889;1;0.032638888888888884;;;488.0;;
7_1_10036_10183_13_26245.0;7;313;SALINS-CHAMPAGNOLE-SALINS-LES-BAINS;10036;10183;COLLEGE LOUATAUX;OLIVET;Mercredi_Scolaire;0.5069444444444444;0.5347222222222222;1;0.02777777777777779;;;488.0;;
7_1_10039_10183_12_25422.0;7;313;SALINS-CHAMPAGNOLE-SALINS-LES-BAINS;10039;10183;PLACE PROST CHALET;OLIVET;Jeudi_Scolaire;0.7354166666666667;0.7625;1;0.027083333333333237;;;;121.99999999999989;
7_1_10039_10183_12_25422.0;7;313;SALINS-CHAMPAGNOLE-SALINS-LES-BAINS;10039;10183;PLACE PROST CHALET;OLIVET;Lundi_Scolaire;0.7354166666666667;0.7625;1;0.027083333333333237;;;;121.99999999999989;
7_1_10039_10183_12_25422.0;7;313;SALINS-CHAMPAGNOLE-SALINS-LES-BAINS;10039;10183;PLACE PROST CHALET;OLIVET;Mardi_Scolaire;0.7354166666666667;0.7625;1;0.027083333333333237;;;;121.99999999999989;
7_1_10039_10183_12_25422.0;7;313;SALINS-CHAMPAGNOLE-SALINS-LES-BAINS;10039;10183;PLACE PROST CHALET;OLIVET;Vendredi_Scolaire;0.7354166666666667;0.7625;1;0.027083333333333237;;;;121.99999999999989;
7_1_10039_10183_14_26560.0;7;313;SALINS-CHAMPAGNOLE-SALINS-LES-BAINS;10039;10183;PLACE PROST CHALET;OLIVET;Jeudi_Scolaire;0.3076388888888889;0.3451388888888889;1;0.03749999999999998;;121.99999999999997;;;
7_1_10039_10183_14_26560.0;7;313;SALINS-CHAMPAGNOLE-SALINS-LES-BAINS;10039;10183;PLACE PROST CHALET;OLIVET;Lundi_Scolaire;0.3076388888888889;0.3451388888888889;1;0.03749999999999998;;121.99999999999997;;;
7_1_10039_10183_14_26560.0;7;313;SALINS-CHAMPAGNOLE-SALINS-LES-BAINS;10039;10183;PLACE PROST CHALET;OLIVET;Mardi_Scolaire;0.3076388888888889;0.3451388888888889;1;0.03749999999999998;;121.99999999999997;;;
7_1_10039_10183_14_26560.0;7;313;SALINS-CHAMPAGNOLE-SALINS-LES-BAINS;10039;10183;PLACE PROST CHALET;OLIVET;Mercredi_Scolaire;0.3076388888888889;0.3451388888888889;1;0.03749999999999998;;121.99999999999997;;;
7_1_10039_10183_14_26560.0;7;313;SALINS-CHAMPAGNOLE-SALINS-LES-BAINS;10039;10183;PLACE PROST CHALET;OLIVET;Vendredi_Scolaire;0.3076388888888889;0.3451388888888889;1;0.03749999999999998;;121.99999999999997;;;
7_1_10039_10183_8_24025.0;7;313;SALINS-CHAMPAGNOLE-SALINS-LES-BAINS;10039;10183;PLACE PROST CHALET;OLIVET;Semaine_Vacances;0.30625;0.7541666666666667;2;0.44791666666666663;;121.99999999999997;;121.99999999999989;
7_1_10039_10183_9_25400.0;7;313;SALINS-CHAMPAGNOLE-SALINS-LES-BAINS;10039;10183;PLACE PROST CHALET;OLIVET;Mercredi_Scolaire;0.7347222222222223;0.7541666666666667;1;0.019444444444444375;;;;121.99999999999989;
8_0_10120_10182_7_7431.0;8;314;MOUCHARD - SALINS LES BAINS;10120;10182;GARE S.N.C.F.;LYCEE;Lundi_Scolaire;0.3368055555555555;0.3458333333333333;1;0.009027777777777801;;121.99999999999997;;;
8_0_10120_10220_4_8485.0;8;314;MOUCHARD - SALINS LES BAINS;10120;10220;GARE S.N.C.F.;SALINES;Jeudi_Scolaire;0.7013888888888888;0.7152777777777778;1;0.01388888888888895;;;488.0;;
8_0_10120_10220_4_8485.0;8;314;MOUCHARD - SALINS LES BAINS;10120;10220;GARE S.N.C.F.;SALINES;Lundi_Scolaire;0.7013888888888888;0.7152777777777778;1;0.01388888888888895;;;488.0;;
8_0_10120_10220_4_8485.0;8;314;MOUCHARD - SALINS LES BAINS;10120;10220;GARE S.N.C.F.;SALINES;Mardi_Scolaire;0.7013888888888888;0.7152777777777778;1;0.01388888888888895;;;488.0;;
8_0_10120_10220_4_8485.0;8;314;MOUCHARD - SALINS LES BAINS;10120;10220;GARE S.N.C.F.;SALINES;Vendredi_Scolaire;0.7013888888888888;0.7152777777777778;1;0.01388888888888895;;;488.0;;
8_0_10120_10220_7_8102.0;8;314;MOUCHARD - SALINS LES BAINS;10120;10220;GARE S.N.C.F.;SALINES;Dimanche_Scolaire;0.7604166666666666;0.8090277777777778;2;0.04861111111111116;;;;60.99999999999994;
8_0_10120_10220_7_8102.0;8;314;MOUCHARD - SALINS LES BAINS;10120;10220;GARE S.N.C.F.;SALINES;Dimanche_Vacances;0.7604166666666666;0.8090277777777778;2;0.04861111111111116;;;;60.99999999999994;
8_0_10120_10220_7_8102.0;8;314;MOUCHARD - SALINS LES BAINS;10120;10220;GARE S.N.C.F.;SALINES;Ferie;0.7604166666666666;0.8090277777777778;2;0.04861111111111116;;;;60.99999999999994;
8_0_10120_10220_7_8102.0;8;314;MOUCHARD - SALINS LES BAINS;10120;10220;GARE S.N.C.F.;SALINES;Jeudi_Scolaire;0.4930555555555555;0.8090277777777778;3;0.31597222222222227;;;488.0;60.99999999999994;
8_0_10120_10220_7_8102.0;8;314;MOUCHARD - SALINS LES BAINS;10120;10220;GARE S.N.C.F.;SALINES;Lundi_Scolaire;0.4930555555555555;0.8090277777777778;3;0.31597222222222227;;;488.0;60.99999999999994;
8_0_10120_10220_7_8102.0;8;314;MOUCHARD - SALINS LES BAINS;10120;10220;GARE S.N.C.F.;SALINES;Mardi_Scolaire;0.4930555555555555;0.8090277777777778;3;0.31597222222222227;;;488.0;60.99999999999994;
8_0_10120_10220_7_8102.0;8;314;MOUCHARD - SALINS LES BAINS;10120;10220;GARE S.N.C.F.;SALINES;Mercredi_Scolaire;0.4930555555555555;0.8090277777777778;3;0.31597222222222227;;;488.0;60.99999999999994;
8_0_10120_10220_7_8102.0;8;314;MOUCHARD - SALINS LES BAINS;10120;10220;GARE S.N.C.F.;SALINES;Samedi_Scolaire;0.7604166666666666;0.8090277777777778;2;0.04861111111111116;;;;60.99999999999994;
8_0_10120_10220_7_8102.0;8;314;MOUCHARD - SALINS LES BAINS;10120;10220;GARE S.N.C.F.;SALINES;Samedi_Vacances;0.7604166666666666;0.8090277777777778;2;0.04861111111111116;;;;60.99999999999994;
8_0_10120_10220_7_8102.0;8;314;MOUCHARD - SALINS LES BAINS;10120;10220;GARE S.N.C.F.;SALINES;Semaine_Vacances;0.4930555555555555;0.8090277777777778;3;0.31597222222222227;;;488.0;60.99999999999994;
8_0_10120_10220_7_8102.0;8;314;MOUCHARD - SALINS LES BAINS;10120;10220;GARE S.N.C.F.;SALINES;Vendredi_Scolaire;0.4930555555555555;0.8090277777777778;3;0.31597222222222227;;;488.0;60.99999999999994;
8_0_10121_10220_9_9679.0;8;314;MOUCHARD - SALINS LES BAINS;10121;10220;GYMNASE LYCEE BOIS;SALINES;Jeudi_Scolaire;0.3194444444444445;0.33888888888888885;1;0.019444444444444375;;121.99999999999997;;;
8_0_10121_10220_9_9679.0;8;314;MOUCHARD - SALINS LES BAINS;10121;10220;GYMNASE LYCEE BOIS;SALINES;Lundi_Scolaire;0.3194444444444445;0.33888888888888885;1;0.019444444444444375;;121.99999999999997;;;
8_0_10121_10220_9_9679.0;8;314;MOUCHARD - SALINS LES BAINS;10121;10220;GYMNASE LYCEE BOIS;SALINES;Mardi_Scolaire;0.3194444444444445;0.33888888888888885;1;0.019444444444444375;;121.99999999999997;;;
8_0_10121_10220_9_9679.0;8;314;MOUCHARD - SALINS LES BAINS;10121;10220;GYMNASE LYCEE BOIS;SALINES;Mercredi_Scolaire;0.3194444444444445;0.33888888888888885;1;0.019444444444444375;;121.99999999999997;;;
8_0_10121_10220_9_9679.0;8;314;MOUCHARD - SALINS LES BAINS;10121;10220;GYMNASE LYCEE BOIS;SALINES;Semaine_Vacances;0.3194444444444445;0.33888888888888885;1;0.019444444444444375;;121.99999999999997;;;
8_0_10121_10220_9_9679.0;8;314;MOUCHARD - SALINS LES BAINS;10121;10220;GYMNASE LYCEE BOIS;SALINES;Vendredi_Scolaire;0.3194444444444445;0.33888888888888885;1;0.019444444444444375;;121.99999999999997;;;
8_1_10220_10120_7_8102.0;8;314;MOUCHARD - SALINS LES BAINS;10220;10120;SALINES;GARE S.N.C.F.;Dimanche_Scolaire;0.673611111111111;0.7840277777777778;2;0.11041666666666672;;;488.0;121.99999999999989;
8_1_10220_10120_7_8102.0;8;314;MOUCHARD - SALINS LES BAINS;10220;10120;SALINES;GARE S.N.C.F.;Dimanche_Vacances;0.673611111111111;0.7840277777777778;2;0.11041666666666672;;;488.0;121.99999999999989;
8_1_10220_10120_7_8102.0;8;314;MOUCHARD - SALINS LES BAINS;10220;10120;SALINES;GARE S.N.C.F.;Ferie;0.7736111111111111;0.7840277777777778;2;0.01041666666666663;;;;60.99999999999994;
8_1_10220_10120_7_8102.0;8;314;MOUCHARD - SALINS LES BAINS;10220;10120;SALINES;GARE S.N.C.F.;Jeudi_Scolaire;0.2604166666666667;0.6840277777777778;5;0.4236111111111111;61.0;121.99999999999997;244.0;;
8_1_10220_10120_7_8102.0;8;314;MOUCHARD - SALINS LES BAINS;10220;10120;SALINES;GARE S.N.C.F.;Lundi_Scolaire;0.2604166666666667;0.6840277777777778;5;0.4236111111111111;61.0;121.99999999999997;244.0;;
8_1_10220_10120_7_8102.0;8;314;MOUCHARD - SALINS LES BAINS;10220;10120;SALINES;GARE S.N.C.F.;Mardi_Scolaire;0.2604166666666667;0.6840277777777778;5;0.4236111111111111;61.0;121.99999999999997;244.0;;
8_1_10220_10120_7_8102.0;8;314;MOUCHARD - SALINS LES BAINS;10220;10120;SALINES;GARE S.N.C.F.;Mercredi_Scolaire;0.2604166666666667;0.6840277777777778;5;0.4236111111111111;61.0;121.99999999999997;244.0;;
8_1_10220_10120_7_8102.0;8;314;MOUCHARD - SALINS LES BAINS;10220;10120;SALINES;GARE S.N.C.F.;Samedi_Scolaire;0.673611111111111;0.7840277777777778;2;0.11041666666666672;;;488.0;121.99999999999989;
8_1_10220_10120_7_8102.0;8;314;MOUCHARD - SALINS LES BAINS;10220;10120;SALINES;GARE S.N.C.F.;Samedi_Vacances;0.673611111111111;0.7840277777777778;2;0.11041666666666672;;;488.0;121.99999999999989;
8_1_10220_10120_7_8102.0;8;314;MOUCHARD - SALINS LES BAINS;10220;10120;SALINES;GARE S.N.C.F.;Semaine_Vacances;0.2604166666666667;0.7840277777777778;6;0.523611111111111;61.0;121.99999999999997;244.0;121.99999999999989;
8_1_10220_10120_7_8102.0;8;314;MOUCHARD - SALINS LES BAINS;10220;10120;SALINES;GARE S.N.C.F.;Vendredi_Scolaire;0.2604166666666667;0.6840277777777778;5;0.4236111111111111;61.0;121.99999999999997;244.0;;
8_1_10220_10120_8_8821.0;8;314;MOUCHARD - SALINS LES BAINS;10220;10120;SALINES;GARE S.N.C.F.;Jeudi_Scolaire;0.7527777777777778;0.7638888888888888;1;0.011111111111111072;;;;121.99999999999989;
8_1_10220_10120_8_8821.0;8;314;MOUCHARD - SALINS LES BAINS;10220;10120;SALINES;GARE S.N.C.F.;Lundi_Scolaire;0.7527777777777778;0.7638888888888888;1;0.011111111111111072;;;;121.99999999999989;
8_1_10220_10120_8_8821.0;8;314;MOUCHARD - SALINS LES BAINS;10220;10120;SALINES;GARE S.N.C.F.;Mardi_Scolaire;0.7527777777777778;0.7638888888888888;1;0.011111111111111072;;;;121.99999999999989;
8_1_10220_10120_8_8821.0;8;314;MOUCHARD - SALINS LES BAINS;10220;10120;SALINES;GARE S.N.C.F.;Vendredi_Scolaire;0.7527777777777778;0.7638888888888888;1;0.011111111111111072;;;;121.99999999999989;
8_1_10220_10121_9_9679.0;8;314;MOUCHARD - SALINS LES BAINS;10220;10121;SALINES;GYMNASE LYCEE BOIS;Jeudi_Scolaire;0.7159722222222222;0.7305555555555556;1;0.014583333333333393;;;488.0;;
8_1_10220_10121_9_9679.0;8;314;MOUCHARD - SALINS LES BAINS;10220;10121;SALINES;GYMNASE LYCEE BOIS;Lundi_Scolaire;0.7159722222222222;0.7305555555555556;1;0.014583333333333393;;;488.0;;
8_1_10220_10121_9_9679.0;8;314;MOUCHARD - SALINS LES BAINS;10220;10121;SALINES;GYMNASE LYCEE BOIS;Mardi_Scolaire;0.7159722222222222;0.7305555555555556;1;0.014583333333333393;;;488.0;;
8_1_10220_10121_9_9679.0;8;314;MOUCHARD - SALINS LES BAINS;10220;10121;SALINES;GYMNASE LYCEE BOIS;Mercredi_Scolaire;0.5236111111111111;0.5381944444444444;1;0.014583333333333282;;;488.0;;
8_1_10220_10121_9_9679.0;8;314;MOUCHARD - SALINS LES BAINS;10220;10121;SALINES;GYMNASE LYCEE BOIS;Vendredi_Scolaire;0.7159722222222222;0.7305555555555556;1;0.014583333333333393;;;488.0;;
9_0_10036_10088_10_33714.0;9;315;CHAMPAGNOLE - LONS LE SAUNIER;10036;10088;COLLEGE LOUATAUX;LONS GARE SNCF;Jeudi_Scolaire;0.7152777777777778;0.7534722222222222;1;0.03819444444444442;;;488.0;;
9_0_10036_10088_10_33714.0;9;315;CHAMPAGNOLE - LONS LE SAUNIER;10036;10088;COLLEGE LOUATAUX;LONS GARE SNCF;Lundi_Scolaire;0.7152777777777778;0.7534722222222222;1;0.03819444444444442;;;488.0;;
9_0_10036_10088_10_33714.0;9;315;CHAMPAGNOLE - LONS LE SAUNIER;10036;10088;COLLEGE LOUATAUX;LONS GARE SNCF;Mardi_Scolaire;0.7152777777777778;0.7534722222222222;1;0.03819444444444442;;;488.0;;
9_0_10036_10088_10_33714.0;9;315;CHAMPAGNOLE - LONS LE SAUNIER;10036;10088;COLLEGE LOUATAUX;LONS GARE SNCF;Vendredi_Scolaire;0.7152777777777778;0.7534722222222222;1;0.03819444444444442;;;488.0;;
9_0_10037_10088_7_30043.0;9;315;CHAMPAGNOLE - LONS LE SAUNIER;10037;10088;GARE S.N.C.F.;LONS GARE SNCF;Jeudi_Scolaire;0.28541666666666665;0.3104166666666667;1;0.025000000000000022;122.0;;;;
9_0_10037_10088_7_30043.0;9;315;CHAMPAGNOLE - LONS LE SAUNIER;10037;10088;GARE S.N.C.F.;LONS GARE SNCF;Lundi_Scolaire;0.28541666666666665;0.3104166666666667;1;0.025000000000000022;122.0;;;;
9_0_10037_10088_7_30043.0;9;315;CHAMPAGNOLE - LONS LE SAUNIER;10037;10088;GARE S.N.C.F.;LONS GARE SNCF;Mardi_Scolaire;0.28541666666666665;0.3104166666666667;1;0.025000000000000022;122.0;;;;
9_0_10037_10088_7_30043.0;9;315;CHAMPAGNOLE - LONS LE SAUNIER;10037;10088;GARE S.N.C.F.;LONS GARE SNCF;Mercredi_Scolaire;0.28541666666666665;0.3104166666666667;1;0.025000000000000022;122.0;;;;
9_0_10037_10088_7_30043.0;9;315;CHAMPAGNOLE - LONS LE SAUNIER;10037;10088;GARE S.N.C.F.;LONS GARE SNCF;Vendredi_Scolaire;0.28541666666666665;0.3104166666666667;1;0.025000000000000022;122.0;;;;
9_0_10037_10088_8_31432.0;9;315;CHAMPAGNOLE - LONS LE SAUNIER;10037;10088;GARE S.N.C.F.;LONS GARE SNCF;Jeudi_Scolaire;0.5555555555555555;0.5819444444444444;1;0.026388888888888906;;;488.0;;
9_0_10037_10088_8_31432.0;9;315;CHAMPAGNOLE - LONS LE SAUNIER;10037;10088;GARE S.N.C.F.;LONS GARE SNCF;Lundi_Scolaire;0.5555555555555555;0.5819444444444444;1;0.026388888888888906;;;488.0;;
9_0_10037_10088_8_31432.0;9;315;CHAMPAGNOLE - LONS LE SAUNIER;10037;10088;GARE S.N.C.F.;LONS GARE SNCF;Mardi_Scolaire;0.5555555555555555;0.5819444444444444;1;0.026388888888888906;;;488.0;;
9_0_10037_10088_8_31432.0;9;315;CHAMPAGNOLE - LONS LE SAUNIER;10037;10088;GARE S.N.C.F.;LONS GARE SNCF;Mercredi_Scolaire;0.5555555555555555;0.5819444444444444;1;0.026388888888888906;;;488.0;;
9_0_10037_10088_8_31432.0;9;315;CHAMPAGNOLE - LONS LE SAUNIER;10037;10088;GARE S.N.C.F.;LONS GARE SNCF;Samedi_Scolaire;0.3333333333333333;0.5819444444444444;2;0.24861111111111106;;121.99999999999997;488.0;;
9_0_10037_10088_8_31432.0;9;315;CHAMPAGNOLE - LONS LE SAUNIER;10037;10088;GARE S.N.C.F.;LONS GARE SNCF;Samedi_Vacances;0.3194444444444445;0.5819444444444444;2;0.2624999999999999;;121.99999999999997;488.0;;
9_0_10037_10088_8_31432.0;9;315;CHAMPAGNOLE - LONS LE SAUNIER;10037;10088;GARE S.N.C.F.;LONS GARE SNCF;Semaine_Vacances;0.3194444444444445;0.7229166666666667;3;0.4034722222222222;;121.99999999999997;244.0;;
9_0_10037_10088_8_31432.0;9;315;CHAMPAGNOLE - LONS LE SAUNIER;10037;10088;GARE S.N.C.F.;LONS GARE SNCF;Vendredi_Scolaire;0.5555555555555555;0.5819444444444444;1;0.026388888888888906;;;488.0;;
9_0_10038_10088_9_32498.0;9;315;CHAMPAGNOLE - LONS LE SAUNIER;10038;10088;LYCEE P. E. VICTOR;LONS GARE SNCF;Jeudi_Scolaire;0.7479166666666667;0.7784722222222222;1;0.030555555555555558;;;;121.99999999999989;
9_0_10038_10088_9_32498.0;9;315;CHAMPAGNOLE - LONS LE SAUNIER;10038;10088;LYCEE P. E. VICTOR;LONS GARE SNCF;Lundi_Scolaire;0.7479166666666667;0.7784722222222222;1;0.030555555555555558;;;;121.99999999999989;
9_0_10038_10088_9_32498.0;9;315;CHAMPAGNOLE - LONS LE SAUNIER;10038;10088;LYCEE P. E. VICTOR;LONS GARE SNCF;Mardi_Scolaire;0.7479166666666667;0.7784722222222222;1;0.030555555555555558;;;;121.99999999999989;
9_0_10038_10088_9_32498.0;9;315;CHAMPAGNOLE - LONS LE SAUNIER;10038;10088;LYCEE P. E. VICTOR;LONS GARE SNCF;Mercredi_Scolaire;0.7479166666666667;0.7784722222222222;1;0.030555555555555558;;;;121.99999999999989;
9_0_10038_10088_9_32498.0;9;315;CHAMPAGNOLE - LONS LE SAUNIER;10038;10088;LYCEE P. E. VICTOR;LONS GARE SNCF;Vendredi_Scolaire;0.7569444444444444;0.7875;1;0.030555555555555558;;;;121.99999999999989;
9_0_10038_10088_9_32574.0;9;315;CHAMPAGNOLE - LONS LE SAUNIER;10038;10088;LYCEE P. E. VICTOR;LONS GARE SNCF;Jeudi_Scolaire;0.3229166666666667;0.35833333333333334;1;0.03541666666666665;;121.99999999999997;;;
9_0_10038_10088_9_32574.0;9;315;CHAMPAGNOLE - LONS LE SAUNIER;10038;10088;LYCEE P. E. VICTOR;LONS GARE SNCF;Lundi_Scolaire;0.3229166666666667;0.35833333333333334;1;0.03541666666666665;;121.99999999999997;;;
9_0_10038_10088_9_32574.0;9;315;CHAMPAGNOLE - LONS LE SAUNIER;10038;10088;LYCEE P. E. VICTOR;LONS GARE SNCF;Mardi_Scolaire;0.3229166666666667;0.35833333333333334;1;0.03541666666666665;;121.99999999999997;;;
9_0_10038_10088_9_32574.0;9;315;CHAMPAGNOLE - LONS LE SAUNIER;10038;10088;LYCEE P. E. VICTOR;LONS GARE SNCF;Mercredi_Scolaire;0.3229166666666667;0.35833333333333334;1;0.03541666666666665;;121.99999999999997;;;
9_0_10038_10088_9_32574.0;9;315;CHAMPAGNOLE - LONS LE SAUNIER;10038;10088;LYCEE P. E. VICTOR;LONS GARE SNCF;Vendredi_Scolaire;0.3229166666666667;0.35833333333333334;1;0.03541666666666665;;121.99999999999997;;;
9_1_10088_10037_8_31198.0;9;315;CHAMPAGNOLE - LONS LE SAUNIER;10088;10037;LONS GARE SNCF;GARE S.N.C.F.;Jeudi_Scolaire;0.5173611111111112;0.7951388888888888;4;0.2777777777777777;;;162.66666666666666;121.99999999999989;
9_1_10088_10037_8_31198.0;9;315;CHAMPAGNOLE - LONS LE SAUNIER;10088;10037;LONS GARE SNCF;GARE S.N.C.F.;Lundi_Scolaire;0.5173611111111112;0.7951388888888888;4;0.2777777777777777;;;162.66666666666666;121.99999999999989;
9_1_10088_10037_8_31198.0;9;315;CHAMPAGNOLE - LONS LE SAUNIER;10088;10037;LONS GARE SNCF;GARE S.N.C.F.;Mardi_Scolaire;0.5173611111111112;0.7951388888888888;4;0.2777777777777777;;;162.66666666666666;121.99999999999989;
9_1_10088_10037_8_31198.0;9;315;CHAMPAGNOLE - LONS LE SAUNIER;10088;10037;LONS GARE SNCF;GARE S.N.C.F.;Mercredi_Scolaire;0.5173611111111112;0.7430555555555556;2;0.22569444444444442;;;244.0;;
9_1_10088_10037_8_31198.0;9;315;CHAMPAGNOLE - LONS LE SAUNIER;10088;10037;LONS GARE SNCF;GARE S.N.C.F.;Samedi_Scolaire;0.5173611111111112;0.7430555555555556;2;0.22569444444444442;;;244.0;;
9_1_10088_10037_8_31198.0;9;315;CHAMPAGNOLE - LONS LE SAUNIER;10088;10037;LONS GARE SNCF;GARE S.N.C.F.;Samedi_Vacances;0.5173611111111112;0.7631944444444444;2;0.24583333333333324;;;488.0;121.99999999999989;
9_1_10088_10037_8_31198.0;9;315;CHAMPAGNOLE - LONS LE SAUNIER;10088;10037;LONS GARE SNCF;GARE S.N.C.F.;Semaine_Vacances;0.2847222222222222;0.7631944444444444;3;0.4784722222222222;122.0;;488.0;121.99999999999989;
9_1_10088_10037_8_31198.0;9;315;CHAMPAGNOLE - LONS LE SAUNIER;10088;10037;LONS GARE SNCF;GARE S.N.C.F.;Vendredi_Scolaire;0.5173611111111112;0.7951388888888888;4;0.2777777777777777;;;162.66666666666666;121.99999999999989;
9_1_10088_10038_6_32702.0;9;315;CHAMPAGNOLE - LONS LE SAUNIER;10088;10038;LONS GARE SNCF;LYCEE P. E. VICTOR;Lundi_Scolaire;0.3368055555555555;0.37152777777777773;1;0.03472222222222221;;121.99999999999997;;;
9_1_10088_10038_9_32252.0;9;315;CHAMPAGNOLE - LONS LE SAUNIER;10088;10038;LONS GARE SNCF;LYCEE P. E. VICTOR;Jeudi_Scolaire;0.2847222222222222;0.3194444444444445;1;0.034722222222222265;122.0;;;;
9_1_10088_10038_9_32252.0;9;315;CHAMPAGNOLE - LONS LE SAUNIER;10088;10038;LONS GARE SNCF;LYCEE P. E. VICTOR;Lundi_Scolaire;0.2847222222222222;0.3194444444444445;1;0.034722222222222265;122.0;;;;
9_1_10088_10038_9_32252.0;9;315;CHAMPAGNOLE - LONS LE SAUNIER;10088;10038;LONS GARE SNCF;LYCEE P. E. VICTOR;Mardi_Scolaire;0.2847222222222222;0.3194444444444445;1;0.034722222222222265;122.0;;;;
9_1_10088_10038_9_32252.0;9;315;CHAMPAGNOLE - LONS LE SAUNIER;10088;10038;LONS GARE SNCF;LYCEE P. E. VICTOR;Mercredi_Scolaire;0.2847222222222222;0.3194444444444445;1;0.034722222222222265;122.0;;;;
9_1_10088_10038_9_32252.0;9;315;CHAMPAGNOLE - LONS LE SAUNIER;10088;10038;LONS GARE SNCF;LYCEE P. E. VICTOR;Vendredi_Scolaire;0.2847222222222222;0.3194444444444445;1;0.034722222222222265;122.0;;;;
10_0_10044_10088_14_24256.0;10;317;CHAUSSIN - LONS LE SAUNIER;10044;10088;ECOLE;LONS GARE SNCF;Jeudi_Scolaire;0.325;0.35624999999999996;1;0.031249999999999944;;121.99999999999997;;;
10_0_10044_10088_14_24256.0;10;317;CHAUSSIN - LONS LE SAUNIER;10044;10088;ECOLE;LONS GARE SNCF;Lundi_Scolaire;0.325;0.35624999999999996;1;0.031249999999999944;;121.99999999999997;;;
10_0_10044_10088_14_24256.0;10;317;CHAUSSIN - LONS LE SAUNIER;10044;10088;ECOLE;LONS GARE SNCF;Mardi_Scolaire;0.325;0.35624999999999996;1;0.031249999999999944;;121.99999999999997;;;
10_0_10044_10088_14_24256.0;10;317;CHAUSSIN - LONS LE SAUNIER;10044;10088;ECOLE;LONS GARE SNCF;Mercredi_Scolaire;0.325;0.35624999999999996;1;0.031249999999999944;;121.99999999999997;;;
10_0_10044_10088_14_24256.0;10;317;CHAUSSIN - LONS LE SAUNIER;10044;10088;ECOLE;LONS GARE SNCF;Vendredi_Scolaire;0.325;0.35624999999999996;1;0.031249999999999944;;121.99999999999997;;;
10_0_10046_10088_21_43448.0;10;317;CHAUSSIN - LONS LE SAUNIER;10046;10088;GENDARMERIE;LONS GARE SNCF;Ferie;0.26875;0.32083333333333336;1;0.05208333333333337;122.0;;;;
10_0_10046_10088_21_43448.0;10;317;CHAUSSIN - LONS LE SAUNIER;10046;10088;GENDARMERIE;LONS GARE SNCF;Jeudi_Scolaire;0.5236111111111111;0.5756944444444444;1;0.05208333333333326;;;488.0;;
10_0_10046_10088_21_43448.0;10;317;CHAUSSIN - LONS LE SAUNIER;10046;10088;GENDARMERIE;LONS GARE SNCF;Lundi_Scolaire;0.5236111111111111;0.5756944444444444;1;0.05208333333333326;;;488.0;;
10_0_10046_10088_21_43448.0;10;317;CHAUSSIN - LONS LE SAUNIER;10046;10088;GENDARMERIE;LONS GARE SNCF;Mardi_Scolaire;0.5236111111111111;0.5756944444444444;1;0.05208333333333326;;;488.0;;
10_0_10046_10088_21_43448.0;10;317;CHAUSSIN - LONS LE SAUNIER;10046;10088;GENDARMERIE;LONS GARE SNCF;Mercredi_Scolaire;0.5236111111111111;0.5756944444444444;1;0.05208333333333326;;;488.0;;
10_0_10046_10088_21_43448.0;10;317;CHAUSSIN - LONS LE SAUNIER;10046;10088;GENDARMERIE;LONS GARE SNCF;Semaine_Vacances;0.26875;0.32083333333333336;1;0.05208333333333337;122.0;;;;
10_0_10046_10088_21_43448.0;10;317;CHAUSSIN - LONS LE SAUNIER;10046;10088;GENDARMERIE;LONS GARE SNCF;Vendredi_Scolaire;0.5236111111111111;0.5756944444444444;1;0.05208333333333326;;;488.0;;
10_0_10046_10088_22_43449.0;10;317;CHAUSSIN - LONS LE SAUNIER;10046;10088;GENDARMERIE;LONS GARE SNCF;Jeudi_Scolaire;0.26875;0.3138888888888889;1;0.045138888888888895;122.0;;;;
10_0_10046_10088_22_43449.0;10;317;CHAUSSIN - LONS LE SAUNIER;10046;10088;GENDARMERIE;LONS GARE SNCF;Lundi_Scolaire;0.26875;0.3138888888888889;1;0.045138888888888895;122.0;;;;
10_0_10046_10088_22_43449.0;10;317;CHAUSSIN - LONS LE SAUNIER;10046;10088;GENDARMERIE;LONS GARE SNCF;Mardi_Scolaire;0.26875;0.3138888888888889;1;0.045138888888888895;122.0;;;;
10_0_10046_10088_22_43449.0;10;317;CHAUSSIN - LONS LE SAUNIER;10046;10088;GENDARMERIE;LONS GARE SNCF;Mercredi_Scolaire;0.26875;0.3138888888888889;1;0.045138888888888895;122.0;;;;
10_0_10046_10088_22_43449.0;10;317;CHAUSSIN - LONS LE SAUNIER;10046;10088;GENDARMERIE;LONS GARE SNCF;Vendredi_Scolaire;0.26875;0.3138888888888889;1;0.045138888888888895;122.0;;;;
10_0_10046_10090_22_45503.0;10;317;CHAUSSIN - LONS LE SAUNIER;10046;10090;GENDARMERIE;LONS PISCINE;Ferie;0.5236111111111111;0.5812499999999999;1;0.057638888888888795;;;488.0;;
10_0_10046_10090_22_45503.0;10;317;CHAUSSIN - LONS LE SAUNIER;10046;10090;GENDARMERIE;LONS PISCINE;Semaine_Vacances;0.5236111111111111;0.5812499999999999;1;0.057638888888888795;;;488.0;;
10_1_10085_10044_14_24693.0;10;317;CHAUSSIN - LONS LE SAUNIER;10085;10044;LONS AVENUE DE LA MARSEILLAISE;ECOLE;Jeudi_Scolaire;0.673611111111111;0.7201388888888889;1;0.046527777777777835;;;488.0;;
10_1_10085_10044_14_24693.0;10;317;CHAUSSIN - LONS LE SAUNIER;10085;10044;LONS AVENUE DE LA MARSEILLAISE;ECOLE;Lundi_Scolaire;0.673611111111111;0.7201388888888889;1;0.046527777777777835;;;488.0;;
10_1_10085_10044_14_24693.0;10;317;CHAUSSIN - LONS LE SAUNIER;10085;10044;LONS AVENUE DE LA MARSEILLAISE;ECOLE;Mardi_Scolaire;0.673611111111111;0.7201388888888889;1;0.046527777777777835;;;488.0;;
10_1_10085_10044_14_24693.0;10;317;CHAUSSIN - LONS LE SAUNIER;10085;10044;LONS AVENUE DE LA MARSEILLAISE;ECOLE;Vendredi_Scolaire;0.673611111111111;0.7201388888888889;1;0.046527777777777835;;;488.0;;
10_1_10085_10046_22_43886.0;10;317;CHAUSSIN - LONS LE SAUNIER;10085;10046;LONS AVENUE DE LA MARSEILLAISE;GENDARMERIE;Ferie;0.5069444444444444;0.5541666666666666;1;0.047222222222222165;;;488.0;;
10_1_10085_10046_22_43886.0;10;317;CHAUSSIN - LONS LE SAUNIER;10085;10046;LONS AVENUE DE LA MARSEILLAISE;GENDARMERIE;Jeudi_Scolaire;0.5104166666666666;0.7729166666666667;2;0.26250000000000007;;;488.0;121.99999999999989;
10_1_10085_10046_22_43886.0;10;317;CHAUSSIN - LONS LE SAUNIER;10085;10046;LONS AVENUE DE LA MARSEILLAISE;GENDARMERIE;Lundi_Scolaire;0.5104166666666666;0.7729166666666667;2;0.26250000000000007;;;488.0;121.99999999999989;
10_1_10085_10046_22_43886.0;10;317;CHAUSSIN - LONS LE SAUNIER;10085;10046;LONS AVENUE DE LA MARSEILLAISE;GENDARMERIE;Mardi_Scolaire;0.5104166666666666;0.7729166666666667;2;0.26250000000000007;;;488.0;121.99999999999989;
10_1_10085_10046_22_43886.0;10;317;CHAUSSIN - LONS LE SAUNIER;10085;10046;LONS AVENUE DE LA MARSEILLAISE;GENDARMERIE;Mercredi_Scolaire;0.5104166666666666;0.5576388888888889;1;0.047222222222222276;;;488.0;;
10_1_10085_10046_22_43886.0;10;317;CHAUSSIN - LONS LE SAUNIER;10085;10046;LONS AVENUE DE LA MARSEILLAISE;GENDARMERIE;Semaine_Vacances;0.5069444444444444;0.5541666666666666;1;0.047222222222222165;;;488.0;;
10_1_10085_10046_22_43886.0;10;317;CHAUSSIN - LONS LE SAUNIER;10085;10046;LONS AVENUE DE LA MARSEILLAISE;GENDARMERIE;Vendredi_Scolaire;0.5104166666666666;0.7729166666666667;2;0.26250000000000007;;;488.0;121.99999999999989;
10_1_10085_10046_23_53608.0;10;317;CHAUSSIN - LONS LE SAUNIER;10085;10046;LONS AVENUE DE LA MARSEILLAISE;GENDARMERIE;Jeudi_Scolaire;0.7604166666666666;0.8125;1;0.05208333333333337;;;;121.99999999999989;
10_1_10085_10046_23_53608.0;10;317;CHAUSSIN - LONS LE SAUNIER;10085;10046;LONS AVENUE DE LA MARSEILLAISE;GENDARMERIE;Lundi_Scolaire;0.7604166666666666;0.8125;1;0.05208333333333337;;;;121.99999999999989;
10_1_10085_10046_23_53608.0;10;317;CHAUSSIN - LONS LE SAUNIER;10085;10046;LONS AVENUE DE LA MARSEILLAISE;GENDARMERIE;Mardi_Scolaire;0.7604166666666666;0.8125;1;0.05208333333333337;;;;121.99999999999989;
10_1_10085_10046_23_53608.0;10;317;CHAUSSIN - LONS LE SAUNIER;10085;10046;LONS AVENUE DE LA MARSEILLAISE;GENDARMERIE;Mercredi_Scolaire;0.7604166666666666;0.8125;1;0.05208333333333337;;;;121.99999999999989;
10_1_10085_10046_23_53608.0;10;317;CHAUSSIN - LONS LE SAUNIER;10085;10046;LONS AVENUE DE LA MARSEILLAISE;GENDARMERIE;Vendredi_Scolaire;0.7604166666666666;0.8125;1;0.05208333333333337;;;;121.99999999999989;
10_1_10090_10046_23_45471.0;10;317;CHAUSSIN - LONS LE SAUNIER;10090;10046;LONS PISCINE;GENDARMERIE;Ferie;0.71875;0.7743055555555556;1;0.05555555555555558;;;488.0;;
10_1_10090_10046_23_45471.0;10;317;CHAUSSIN - LONS LE SAUNIER;10090;10046;LONS PISCINE;GENDARMERIE;Semaine_Vacances;0.71875;0.7743055555555556;1;0.05555555555555558;;;488.0;;
11_0_10216_10067_13_35821.0;11;318;PIERRE DE BRESSE - DOLE;10216;10067;CHATEAU D'EAU;GARE ROUTIERE;Jeudi_Scolaire;0.5520833333333333;0.6006944444444445;1;0.04861111111111127;;;488.0;;
11_0_10216_10067_13_35821.0;11;318;PIERRE DE BRESSE - DOLE;10216;10067;CHATEAU D'EAU;GARE ROUTIERE;Lundi_Scolaire;0.5520833333333333;0.6006944444444445;1;0.04861111111111127;;;488.0;;
11_0_10216_10067_13_35821.0;11;318;PIERRE DE BRESSE - DOLE;10216;10067;CHATEAU D'EAU;GARE ROUTIERE;Mardi_Scolaire;0.5520833333333333;0.6006944444444445;1;0.04861111111111127;;;488.0;;
11_0_10216_10067_13_35821.0;11;318;PIERRE DE BRESSE - DOLE;10216;10067;CHATEAU D'EAU;GARE ROUTIERE;Mercredi_Scolaire;0.5520833333333333;0.6006944444444445;1;0.04861111111111127;;;488.0;;
11_0_10216_10067_13_35821.0;11;318;PIERRE DE BRESSE - DOLE;10216;10067;CHATEAU D'EAU;GARE ROUTIERE;Vendredi_Scolaire;0.5520833333333333;0.6006944444444445;1;0.04861111111111127;;;488.0;;
11_0_10216_10067_14_35879.0;11;318;PIERRE DE BRESSE - DOLE;10216;10067;CHATEAU D'EAU;GARE ROUTIERE;Ferie;0.2791666666666667;0.59375;2;0.3145833333333333;122.0;;488.0;;
11_0_10216_10067_14_35879.0;11;318;PIERRE DE BRESSE - DOLE;10216;10067;CHATEAU D'EAU;GARE ROUTIERE;Semaine_Vacances;0.2791666666666667;0.6006944444444445;4;0.32152777777777786;61.0;;244.0;;
11_0_10216_10069_17_40552.0;11;318;PIERRE DE BRESSE - DOLE;10216;10069;CHATEAU D'EAU;DUHAMEL;Jeudi_Scolaire;0.2673611111111111;0.3368055555555555;1;0.06944444444444442;122.0;;;;
11_0_10216_10069_17_40552.0;11;318;PIERRE DE BRESSE - DOLE;10216;10069;CHATEAU D'EAU;DUHAMEL;Lundi_Scolaire;0.2673611111111111;0.3368055555555555;1;0.06944444444444442;122.0;;;;
11_0_10216_10069_17_40552.0;11;318;PIERRE DE BRESSE - DOLE;10216;10069;CHATEAU D'EAU;DUHAMEL;Mardi_Scolaire;0.2673611111111111;0.3368055555555555;1;0.06944444444444442;122.0;;;;
11_0_10216_10069_17_40552.0;11;318;PIERRE DE BRESSE - DOLE;10216;10069;CHATEAU D'EAU;DUHAMEL;Mercredi_Scolaire;0.2673611111111111;0.3368055555555555;1;0.06944444444444442;122.0;;;;
11_0_10216_10069_17_40552.0;11;318;PIERRE DE BRESSE - DOLE;10216;10069;CHATEAU D'EAU;DUHAMEL;Vendredi_Scolaire;0.2673611111111111;0.3368055555555555;1;0.06944444444444442;122.0;;;;
11_1_10067_10216_13_35821.0;11;318;PIERRE DE BRESSE - DOLE;10067;10216;GARE ROUTIERE;CHATEAU D'EAU;Jeudi_Scolaire;0.7569444444444444;0.8041666666666666;1;0.047222222222222165;;;;121.99999999999989;
11_1_10067_10216_13_35821.0;11;318;PIERRE DE BRESSE - DOLE;10067;10216;GARE ROUTIERE;CHATEAU D'EAU;Lundi_Scolaire;0.7569444444444444;0.8041666666666666;1;0.047222222222222165;;;;121.99999999999989;
11_1_10067_10216_13_35821.0;11;318;PIERRE DE BRESSE - DOLE;10067;10216;GARE ROUTIERE;CHATEAU D'EAU;Mardi_Scolaire;0.7569444444444444;0.8041666666666666;1;0.047222222222222165;;;;121.99999999999989;
11_1_10067_10216_13_35821.0;11;318;PIERRE DE BRESSE - DOLE;10067;10216;GARE ROUTIERE;CHATEAU D'EAU;Vendredi_Scolaire;0.7569444444444444;0.8041666666666666;1;0.047222222222222165;;;;121.99999999999989;
11_1_10067_10216_14_35879.0;11;318;PIERRE DE BRESSE - DOLE;10067;10216;GARE ROUTIERE;CHATEAU D'EAU;Jeudi_Scolaire;0.47916666666666663;0.7729166666666667;2;0.29375000000000007;;;488.0;121.99999999999989;
11_1_10067_10216_14_35879.0;11;318;PIERRE DE BRESSE - DOLE;10067;10216;GARE ROUTIERE;CHATEAU D'EAU;Lundi_Scolaire;0.47916666666666663;0.7729166666666667;2;0.29375000000000007;;;488.0;121.99999999999989;
11_1_10067_10216_14_35879.0;11;318;PIERRE DE BRESSE - DOLE;10067;10216;GARE ROUTIERE;CHATEAU D'EAU;Mardi_Scolaire;0.47916666666666663;0.7729166666666667;2;0.29375000000000007;;;488.0;121.99999999999989;
11_1_10067_10216_14_35879.0;11;318;PIERRE DE BRESSE - DOLE;10067;10216;GARE ROUTIERE;CHATEAU D'EAU;Mercredi_Scolaire;0.5104166666666666;0.7729166666666667;2;0.26250000000000007;;;488.0;121.99999999999989;
11_1_10067_10216_14_35879.0;11;318;PIERRE DE BRESSE - DOLE;10067;10216;GARE ROUTIERE;CHATEAU D'EAU;Semaine_Vacances;0.47916666666666663;0.7729166666666667;2;0.29375000000000007;;;488.0;121.99999999999989;
11_1_10067_10216_14_35879.0;11;318;PIERRE DE BRESSE - DOLE;10067;10216;GARE ROUTIERE;CHATEAU D'EAU;Vendredi_Scolaire;0.47916666666666663;0.7729166666666667;2;0.29375000000000007;;;488.0;121.99999999999989;
12_0_10144_10067_14_36378.0;12;320;POLIGNY - DOLE;10144;10067;CHAMP DE FOIRE;GARE ROUTIERE;Jeudi_Scolaire;0.2763888888888889;0.3194444444444445;1;0.04305555555555557;122.0;;;;
12_0_10144_10067_14_36378.0;12;320;POLIGNY - DOLE;10144;10067;CHAMP DE FOIRE;GARE ROUTIERE;Lundi_Scolaire;0.2763888888888889;0.3194444444444445;1;0.04305555555555557;122.0;;;;
12_0_10144_10067_14_36378.0;12;320;POLIGNY - DOLE;10144;10067;CHAMP DE FOIRE;GARE ROUTIERE;Mardi_Scolaire;0.2763888888888889;0.3194444444444445;1;0.04305555555555557;122.0;;;;
12_0_10144_10067_14_36378.0;12;320;POLIGNY - DOLE;10144;10067;CHAMP DE FOIRE;GARE ROUTIERE;Mercredi_Scolaire;0.2763888888888889;0.3194444444444445;1;0.04305555555555557;122.0;;;;
12_0_10144_10067_14_36378.0;12;320;POLIGNY - DOLE;10144;10067;CHAMP DE FOIRE;GARE ROUTIERE;Semaine_Vacances;0.29027777777777775;0.3333333333333333;1;0.04305555555555557;122.0;;;;
12_0_10144_10067_14_36378.0;12;320;POLIGNY - DOLE;10144;10067;CHAMP DE FOIRE;GARE ROUTIERE;Vendredi_Scolaire;0.2763888888888889;0.3194444444444445;1;0.04305555555555557;122.0;;;;
12_1_10067_10145_14_37964.0;12;320;POLIGNY - DOLE;10067;10145;GARE ROUTIERE;CHARMILLES;Jeudi_Scolaire;0.7152777777777778;0.7611111111111111;1;0.04583333333333328;;;488.0;;
12_1_10067_10145_14_37964.0;12;320;POLIGNY - DOLE;10067;10145;GARE ROUTIERE;CHARMILLES;Lundi_Scolaire;0.7152777777777778;0.7611111111111111;1;0.04583333333333328;;;488.0;;
12_1_10067_10145_14_37964.0;12;320;POLIGNY - DOLE;10067;10145;GARE ROUTIERE;CHARMILLES;Mardi_Scolaire;0.7152777777777778;0.7611111111111111;1;0.04583333333333328;;;488.0;;
12_1_10067_10145_14_37964.0;12;320;POLIGNY - DOLE;10067;10145;GARE ROUTIERE;CHARMILLES;Mercredi_Scolaire;0.7152777777777778;0.7611111111111111;1;0.04583333333333328;;;488.0;;
12_1_10067_10145_14_37964.0;12;320;POLIGNY - DOLE;10067;10145;GARE ROUTIERE;CHARMILLES;Semaine_Vacances;0.7152777777777778;0.7611111111111111;1;0.04583333333333328;;;488.0;;
12_1_10067_10145_14_37964.0;12;320;POLIGNY - DOLE;10067;10145;GARE ROUTIERE;CHARMILLES;Vendredi_Scolaire;0.7152777777777778;0.7611111111111111;1;0.04583333333333328;;;488.0;;
12_1_10069_10145_15_40050.0;12;320;POLIGNY - DOLE;10069;10145;DUHAMEL;CHARMILLES;Jeudi_Scolaire;0.7465277777777778;0.8027777777777777;1;0.05624999999999991;;;;121.99999999999989;
12_1_10069_10145_15_40050.0;12;320;POLIGNY - DOLE;10069;10145;DUHAMEL;CHARMILLES;Lundi_Scolaire;0.7465277777777778;0.8027777777777777;1;0.05624999999999991;;;;121.99999999999989;
12_1_10069_10145_15_40050.0;12;320;POLIGNY - DOLE;10069;10145;DUHAMEL;CHARMILLES;Mardi_Scolaire;0.7465277777777778;0.8027777777777777;1;0.05624999999999991;;;;121.99999999999989;
12_1_10069_10145_15_40050.0;12;320;POLIGNY - DOLE;10069;10145;DUHAMEL;CHARMILLES;Mercredi_Scolaire;0.5104166666666666;0.5597222222222222;1;0.0493055555555556;;;488.0;;
12_1_10069_10145_15_40050.0;12;320;POLIGNY - DOLE;10069;10145;DUHAMEL;CHARMILLES;Vendredi_Scolaire;0.7465277777777778;0.8027777777777777;1;0.05624999999999991;;;;121.99999999999989;
13_0_10167_10003_15_19848.0;13;305;SAINT-CLAUDE -  MIJOUX;10167;10003;LYCEE PRE ST SAUVEUR;VILLAGE;Mercredi_Scolaire;0.5138888888888888;0.5555555555555555;1;0.04166666666666663;;;488.0;;
13_0_10172_10003_13_18642.0;13;305;SAINT-CLAUDE -  MIJOUX;10172;10003;GARE SNCF;VILLAGE;Mercredi_Scolaire;0.7291666666666667;0.7673611111111112;1;0.03819444444444442;;;;121.99999999999989;
13_0_10172_10003_13_18642.0;13;305;SAINT-CLAUDE -  MIJOUX;10172;10003;GARE SNCF;VILLAGE;Samedi_Scolaire;0.5034722222222222;0.7673611111111112;2;0.26388888888888895;;;488.0;121.99999999999989;
13_0_10172_10003_13_18642.0;13;305;SAINT-CLAUDE -  MIJOUX;10172;10003;GARE SNCF;VILLAGE;Samedi_Vacances;0.5034722222222222;0.7673611111111112;2;0.26388888888888895;;;488.0;121.99999999999989;
13_0_10172_10003_13_18642.0;13;305;SAINT-CLAUDE -  MIJOUX;10172;10003;GARE SNCF;VILLAGE;Semaine_Vacances;0.5173611111111112;0.7673611111111112;2;0.25;;;488.0;121.99999999999989;
13_0_10167_10075_13_14117.0;13;305;SAINT-CLAUDE -  MIJOUX;10167;10075;LYCEE PRE ST SAUVEUR;ECOLE;Jeudi_Scolaire;0.7534722222222222;0.7847222222222222;1;0.03125;;;;121.99999999999989;
13_0_10167_10075_13_14117.0;13;305;SAINT-CLAUDE -  MIJOUX;10167;10075;LYCEE PRE ST SAUVEUR;ECOLE;Lundi_Scolaire;0.7534722222222222;0.7847222222222222;1;0.03125;;;;121.99999999999989;
13_0_10167_10075_13_14117.0;13;305;SAINT-CLAUDE -  MIJOUX;10167;10075;LYCEE PRE ST SAUVEUR;ECOLE;Mardi_Scolaire;0.7534722222222222;0.7847222222222222;1;0.03125;;;;121.99999999999989;
13_0_10167_10075_13_14117.0;13;305;SAINT-CLAUDE -  MIJOUX;10167;10075;LYCEE PRE ST SAUVEUR;ECOLE;Vendredi_Scolaire;0.7534722222222222;0.7847222222222222;1;0.03125;;;;121.99999999999989;
13_0_10167_10075_14_14448.0;13;305;SAINT-CLAUDE -  MIJOUX;10167;10075;LYCEE PRE ST SAUVEUR;ECOLE;Jeudi_Scolaire;0.7152777777777778;0.7451388888888889;1;0.029861111111111116;;;488.0;;
13_0_10167_10075_14_14448.0;13;305;SAINT-CLAUDE -  MIJOUX;10167;10075;LYCEE PRE ST SAUVEUR;ECOLE;Lundi_Scolaire;0.7152777777777778;0.7451388888888889;1;0.029861111111111116;;;488.0;;
13_0_10167_10075_14_14448.0;13;305;SAINT-CLAUDE -  MIJOUX;10167;10075;LYCEE PRE ST SAUVEUR;ECOLE;Mardi_Scolaire;0.7152777777777778;0.7451388888888889;1;0.029861111111111116;;;488.0;;
13_0_10167_10075_14_14448.0;13;305;SAINT-CLAUDE -  MIJOUX;10167;10075;LYCEE PRE ST SAUVEUR;ECOLE;Vendredi_Scolaire;0.7152777777777778;0.7451388888888889;1;0.029861111111111116;;;488.0;;
13_1_10003_10172_15_18697.0;13;305;SAINT-CLAUDE -  MIJOUX;10003;10172;VILLAGE;GARE SNCF;Mercredi_Scolaire;0.5555555555555555;0.59375;1;0.03819444444444453;;;488.0;;
13_1_10003_10172_15_18697.0;13;305;SAINT-CLAUDE -  MIJOUX;10003;10172;VILLAGE;GARE SNCF;Samedi_Scolaire;0.35416666666666663;0.59375;2;0.23958333333333337;;121.99999999999997;488.0;;
13_1_10003_10172_15_18697.0;13;305;SAINT-CLAUDE -  MIJOUX;10003;10172;VILLAGE;GARE SNCF;Samedi_Vacances;0.35416666666666663;0.59375;2;0.23958333333333337;;121.99999999999997;488.0;;
13_1_10003_10172_15_18697.0;13;305;SAINT-CLAUDE -  MIJOUX;10003;10172;VILLAGE;GARE SNCF;Semaine_Vacances;0.5555555555555555;0.59375;1;0.03819444444444453;;;488.0;;
13_1_10003_10172_8_13806.0;13;305;SAINT-CLAUDE -  MIJOUX;10003;10172;VILLAGE;GARE SNCF;Mercredi_Scolaire;0.7743055555555556;0.8125;1;0.03819444444444442;;;;121.99999999999989;
13_1_10003_10172_8_13806.0;13;305;SAINT-CLAUDE -  MIJOUX;10003;10172;VILLAGE;GARE SNCF;Samedi_Scolaire;0.7743055555555556;0.8125;1;0.03819444444444442;;;;121.99999999999989;
13_1_10003_10172_8_13806.0;13;305;SAINT-CLAUDE -  MIJOUX;10003;10172;VILLAGE;GARE SNCF;Samedi_Vacances;0.7743055555555556;0.8125;1;0.03819444444444442;;;;121.99999999999989;
13_1_10003_10172_8_13806.0;13;305;SAINT-CLAUDE -  MIJOUX;10003;10172;VILLAGE;GARE SNCF;Semaine_Vacances;0.7743055555555556;0.8125;1;0.03819444444444442;;;;121.99999999999989;
13_1_10075_10167_14_15640.0;13;305;SAINT-CLAUDE -  MIJOUX;10075;10167;ECOLE;LYCEE PRE ST SAUVEUR;Jeudi_Scolaire;0.2847222222222222;0.3180555555555556;1;0.03333333333333338;122.0;;;;
13_1_10075_10167_14_15640.0;13;305;SAINT-CLAUDE -  MIJOUX;10075;10167;ECOLE;LYCEE PRE ST SAUVEUR;Lundi_Scolaire;0.2847222222222222;0.3180555555555556;1;0.03333333333333338;122.0;;;;
13_1_10075_10167_14_15640.0;13;305;SAINT-CLAUDE -  MIJOUX;10075;10167;ECOLE;LYCEE PRE ST SAUVEUR;Mardi_Scolaire;0.2847222222222222;0.3180555555555556;1;0.03333333333333338;122.0;;;;
13_1_10075_10167_14_15640.0;13;305;SAINT-CLAUDE -  MIJOUX;10075;10167;ECOLE;LYCEE PRE ST SAUVEUR;Mercredi_Scolaire;0.2847222222222222;0.3180555555555556;1;0.03333333333333338;122.0;;;;
13_1_10075_10167_14_15640.0;13;305;SAINT-CLAUDE -  MIJOUX;10075;10167;ECOLE;LYCEE PRE ST SAUVEUR;Vendredi_Scolaire;0.2847222222222222;0.3180555555555556;1;0.03333333333333338;122.0;;;;
14_1_10240_10088_3_82824.0;14;300;LONS LE SAUNIER - DIJON;10240;10088;REPUBLIQUE;LONS GARE SNCF;Mercredi_Scolaire;0.7604166666666666;0.8263888888888888;1;0.06597222222222221;;;;121.99999999999989;
14_1_10240_10088_3_82824.0;14;300;LONS LE SAUNIER - DIJON;10240;10088;REPUBLIQUE;LONS GARE SNCF;Samedi_Scolaire;0.75;0.8159722222222222;1;0.06597222222222221;;;;121.99999999999989;
14_1_10240_10088_3_82824.0;14;300;LONS LE SAUNIER - DIJON;10240;10088;REPUBLIQUE;LONS GARE SNCF;Samedi_Vacances;0.75;0.8159722222222222;1;0.06597222222222221;;;;121.99999999999989;
14_1_10240_10088_3_82824.0;14;300;LONS LE SAUNIER - DIJON;10240;10088;REPUBLIQUE;LONS GARE SNCF;Vendredi_Scolaire;0.7604166666666666;0.8263888888888888;1;0.06597222222222221;;;;121.99999999999989;
14_0_10088_10240_3_82863.0;14;300;LONS LE SAUNIER - DIJON;10088;10240;LONS GARE SNCF;REPUBLIQUE;Dimanche_Scolaire;0.7708333333333334;0.8368055555555556;1;0.06597222222222221;;;;121.99999999999989;
14_0_10088_10240_3_82863.0;14;300;LONS LE SAUNIER - DIJON;10088;10240;LONS GARE SNCF;REPUBLIQUE;Dimanche_Vacances;0.7708333333333334;0.8368055555555556;1;0.06597222222222221;;;;121.99999999999989;
14_0_10088_10240_3_82863.0;14;300;LONS LE SAUNIER - DIJON;10088;10240;LONS GARE SNCF;REPUBLIQUE;Ferie;0.7708333333333334;0.8368055555555556;1;0.06597222222222221;;;;121.99999999999989;
14_0_10088_10240_3_82863.0;14;300;LONS LE SAUNIER - DIJON;10088;10240;LONS GARE SNCF;REPUBLIQUE;Lundi_Scolaire;0.2569444444444444;0.3229166666666667;1;0.06597222222222227;122.0;;;;
14_0_10088_10240_3_82863.0;14;300;LONS LE SAUNIER - DIJON;10088;10240;LONS GARE SNCF;REPUBLIQUE;Mardi_Scolaire;0.2569444444444444;0.3229166666666667;1;0.06597222222222227;122.0;;;;
14_0_10088_10240_3_82863.0;14;300;LONS LE SAUNIER - DIJON;10088;10240;LONS GARE SNCF;REPUBLIQUE;Samedi_Scolaire;0.375;0.44097222222222227;1;0.06597222222222227;;121.99999999999997;;;
14_0_10088_10240_3_82863.0;14;300;LONS LE SAUNIER - DIJON;10088;10240;LONS GARE SNCF;REPUBLIQUE;Samedi_Vacances;0.375;0.44097222222222227;1;0.06597222222222227;;121.99999999999997;;;
14_0_10088_10240_3_82863.0;14;300;LONS LE SAUNIER - DIJON;10088;10240;LONS GARE SNCF;REPUBLIQUE;Semaine_Vacances;0.2569444444444444;0.3229166666666667;1;0.06597222222222227;122.0;;;;
